{
  "language": "tr_TR",
  "template": [
    {
      "fk_i_page_id": 1,
      "s_internal_name": "email_item_inquiry",
      "s_title": "{WEB_TITLE} - İlanınızla ilgili bir soru var",
      "s_description": "<p>Merhaba {CONTACT_NAME}!<\/p><p>{USER_NAME} ({USER_EMAIL}, {USER_PHONE}) <a href=\"{ITEM_URL}\">{ITEM_TITLE}<\/a>:başlıklı ilanınızla ilgili bir mesaj gönderdi<\/p><p>{COMMENT}<\/p><p>Saygılar,<\/p><p>{WEB_LINK}<\/p>"
    },
    {
      "fk_i_page_id": 2,
      "s_internal_name": "email_user_validation",
      "s_title": "{WEB_TITLE} sitesindeki hesabınızı doğrulayın",
      "s_description": "<p>Merhaba {USER_NAME},<\/p><p>Lütfen linke tıklayarak kaydınızı doğrulayın: {VALIDATION_LINK}<\/p><p>Teşekkür ederiz!<\/p><p>Saygılar,<\/p><p>{WEB_LINK}<\/p>"
    },
    {
      "fk_i_page_id": 3,
      "s_internal_name": "email_user_registration",
      "s_title": "{WEB_TITLE} - Kayıt başarılı!",
      "s_description": "<p>Merhaba {USER_NAME},<\/p><p> {WEB_LINK}için başarıyla kayıt oldunuz.<\/p><p>Teşekkür ederim!<\/p><p>Saygılarımla,<\/p><p>{WEB_LINK}<\/p>"
    },
    {
      "fk_i_page_id": 4,
      "s_internal_name": "email_send_friend",
      "s_title": "Bak {WEB_TITLE} sitesinde ne buldum",
      "s_description": "<p>Merhaba {FRIEND_NAME},<\/p><p>Arkadaşınız {USER_NAME}, <a href=\"{ITEM_URL}\">{ITEM_TITLE}<\/a>.başlıklı ilanı sizinle paylaşmak istiyor.<\/p><p>Mesajı:<\/p><p>{COMMENT}<\/p><p>Saygılar,<\/p><p>{WEB_TITLE}<\/p>"
    },
    {
      "fk_i_page_id": 5,
      "s_internal_name": "alert_email_hourly",
      "s_title": "{WEB_TITLE} - Yeni ilanlar in the last hour",
      "s_description": "<p>Merhaba {USER_NAME},<\/p><p>Son bir saat içinde yeni ilanlar yayınlandı. İlanlara bir göz atın:<\/p><p>{ADS}<\/p><p>-------------<\/p><p>Bu uyarının aboneliğinden ayrılmak için burayı tıklayın: {UNSUB_LINK}<\/p><p>{WEB_LINK}<\/p>"
    },
    {
      "fk_i_page_id": 6,
      "s_internal_name": "alert_email_daily",
      "s_title": "{WEB_TITLE} - Yeni ilanlar in the last day",
      "s_description": "<p>Merhaba {USER_NAME},<\/p><p>Son bir gün içinde yeni ilanlar yayınlandı. İlanlara bir göz atın:<\/p><p>{ADS}<\/p><p>-------------<\/p><p>Bu uyarının aboneliğinden ayrılmak için burayı tıklayın: {UNSUB_LINK}<\/p><p>{WEB_LINK}<\/p>"
    },
    {
      "fk_i_page_id": 7,
      "s_internal_name": "alert_email_weekly",
      "s_title": "{WEB_TITLE} - Yeni ilanlar in the last week",
      "s_description": "<p>Merhaba {USER_NAME},<\/p><p>Son bir hafta içinde yeni ilanlar yayınlandı. İlanlara bir göz atın:<\/p><p>{ADS}<\/p><p>-------------<\/p><p>Bu uyarının aboneliğinden ayrılmak için burayı tıklayın: {UNSUB_LINK}<\/p><p>{WEB_LINK}<\/p>"
    },
    {
      "fk_i_page_id": 8,
      "s_internal_name": "alert_email_instant",
      "s_title": "{WEB_TITLE} - Yeni ilanlar",
      "s_description": "<p>Merhaba {USER_NAME},<\/p><p>Yeni bir ilan yayınlandı, bir göz atın !<\/p><p>{ADS}<\/p><p>-------------<\/p><p>Bu uyarının aboneliğinden ayrılmak için burayı tıklayın: {UNSUB_LINK}<\/p><p>{WEB_LINK}<\/p>"
    },
    {
      "fk_i_page_id": 9,
      "s_internal_name": "email_new_comment_admin",
      "s_title": "{WEB_TITLE} - Yeni yorum",
      "s_description": "<p>Birisi listeleme <a href=\"{ITEM_URL}\">{ITEM_TITLE}<\/a>hakkında yorum yaptı.<\/p><p>Yorumcu: {COMMENT_AUTHOR}<br \/>Yorumcunun e-postası: {COMMENT_EMAIL}<br \/>Başlık: {COMMENT_TITLE}<br \/>Yorum: {COMMENT_TEXT}<\/p>"
    },
    {
      "fk_i_page_id": 10,
      "s_internal_name": "email_new_item_non_register_user",
      "s_title": "{WEB_TITLE} - {ITEM_TITLE} başlıklı ilan için seçenekleri düzenleyin",
      "s_description": "<p>Merhaba {USER_NAME},<\/p><p> {WEB_LINK}kayıtlı değilsiniz, ancak yine de listeleme <a href=\"{ITEM_URL}\">{ITEM_TITLE}<\/a> kısa bir süre için düzenleyebilir veya silebilirsiniz.<\/p><p>Bu bağlantıyı izleyerek kaydınızı düzenleyebilirsiniz: {EDIT_LINK}<\/p><p>Bu bağlantıyı izleyerek kaydınızı silebilirsiniz: {DELETE_LINK}<\/p><p>Kullanıcı olarak kaydolursanız, düzenleme seçeneklerine tam erişiminiz olur.<\/p><p>Saygılarımla,<\/p><p>{WEB_LINK}<\/p>"
    },
    {
      "fk_i_page_id": 11,
      "s_internal_name": "email_item_validation",
      "s_title": "{WEB_TITLE} - İlanınızı doğrulayın",
      "s_description": "<p>Merhaba {USER_NAME},<\/p><p>Bu e-postayı alıyorsunuz çünkü {WEB_LINK}'da bir liste yayımlandı. Lütfen aşağıdaki bağlantıya tıklayarak bu listeyi doğrulayın: {VALIDATION_LINK}. Bu kaydı yayınlamadıysanız lütfen bu e-postayı yoksayın.<\/p><p>Listeleme ayrıntıları:<\/p><p>Kişi adı: {USER_NAME}<br \/>İletişim e-postası: {USER_EMAIL}<\/p><p>{ITEM_DESCRIPTION}<\/p><p>Url: {ITEM_URL}<\/p><p>İlgiliLer,<\/p><p>{WEB_LINK}<\/p>"
    },
    {
      "fk_i_page_id": 12,
      "s_internal_name": "email_admin_new_item",
      "s_title": "{WEB_TITLE} - Yeni bir ilan yayınlandı",
      "s_description": "<p>Sevgili {WEB_TITLE} yönetici,<\/p><p>Bu e-postayı alıyorsunuz çünkü {WEB_LINK}'da bir liste yayınlandı.<\/p><p>Listeleme ayrıntıları:<\/p><p>Kişi adı: {USER_NAME}<br \/>İletişim e-postası: {USER_EMAIL}<\/p><p>{ITEM_DESCRIPTION}<\/p><p>Url: {ITEM_URL}<\/p><p>Aşağıdaki bağlantıya tıklayarak bu listeyi düzenleyebilirsiniz: {EDIT_LINK}<\/p><p>Saygılarımla,<\/p><p>{WEB_LINK}<\/p>"
    },
    {
      "fk_i_page_id": 13,
      "s_internal_name": "email_user_forgot_password",
      "s_title": "{WEB_TITLE} - Şifrenizi geri edinin",
      "s_description": "<p>Merhaba {USER_NAME},<\/p><p>Parola anımsatıcısı istediğiniz için size bu e-postayı gönderdik. Kurtarmak için bu bağlantıyı izleyin: {PASSWORD_LINK}<\/p><p>Bağlantı 24 saat içinde devre dışı bırakılacaktır.<\/p><p>Parola anımsatıcısı istemediyseniz, lütfen bu iletiyi yoksayın. Bu talep IP {IP_ADDRESS} 'dan {DATE_TIME}<\/p><p>Saygıları,<\/p><p>{WEB_LINK}<\/p>"
    },
    {
      "fk_i_page_id": 14,
      "s_internal_name": "email_new_email",
      "s_title": "{WEB_TITLE} - E-postanızın değiştirilmesini talep ettiniz",
      "s_description": "<p>Merhaba {USER_NAME}<\/p><p>Bu e-postayı alıyorsunuz çünkü e-posta değişikliği istediniz. Lütfen aşağıdaki doğrulama bağlantısına tıklayarak bu yeni e-posta adresini onaylayın: {VALIDATION_LINK}<\/p><p>Saygılarımızla,<\/p><p>{WEB_LINK}<\/p>"
    },
    {
      "fk_i_page_id": 15,
      "s_internal_name": "email_alert_validation",
      "s_title": "{WEB_TITLE} - Lüten uyarıyı doğrulayın",
      "s_description": "<p>Merhaba {USER_NAME},<\/p><p>Aşağıdaki linke tıklayarak uyarıya kaydınızı doğrulayın: {VALIDATION_LINK}<\/p><p>Teşekkürler!<\/p><p>Saygılar,<\/p><p>{WEB_LINK}<\/p>"
    },
    {
      "fk_i_page_id": 16,
      "s_internal_name": "email_comment_validated",
      "s_title": "{WEB_TITLE} - Yorumunuz onaylandı",
      "s_description": "<p>Merhaba {COMMENT_AUTHOR},<\/p><p><a href=\"{ITEM_URL}\">{ITEM_TITLE}<\/a> başlıklı ilana yorumunuz onaylandı.<\/p><p>Saygılar,<\/p><p>{WEB_LINK}<\/p>"
    },
    {
      "fk_i_page_id": 17,
      "s_internal_name": "email_item_validation_non_register_user",
      "s_title": "{WEB_TITLE} - İlanınızı doğrulayın",
      "s_description": "<p>Merhaba {USER_NAME},<\/p><p>Bu e-postayı alıyorsunuz çünkü {WEB_LINK}'da bir liste yayınladınız. Lütfen aşağıdaki bağlantıya tıklayarak bu listeyi doğrulayın: {VALIDATION_LINK}. Bu kaydı yayımlamadıysanız, lütfen bu e-postayı yoksayın.<\/p><p>Listeleme ayrıntıları:<\/p><p>Kişi adı: {USER_NAME}<br \/>İletişim e-postası: {USER_EMAIL}<\/p><p>{ITEM_DESCRIPTION}<\/p><p>Url: {ITEM_URL}<\/p><p> {WEB_LINK}kayıtlı olmasanız bile ,  kaydınızı yine de düzenleyebilir veya silebilirsiniz:<\/p><p>Bu bağlantıyı izleyerek kaydınızı düzenleyebilirsiniz: {EDIT_LINK}<\/p><p>Bu bağlantıyı izleyerek kaydınızı silebilirsiniz: {DELETE_LINK}<\/p><p>Saygılar,<\/p><p>{WEB_LINK}<\/p>"
    },
    {
      "fk_i_page_id": 18,
      "s_internal_name": "email_admin_new_user",
      "s_title": "{WEB_TITLE} - Yeni bir kullanıcı kayıt oldu",
      "s_description": "<p>Sevgili {WEB_TITLE} yönetici,<\/p><p>Bu e-postayı alıyorsunuz çünkü {WEB_LINK}yeni bir kullanıcı oluşturuldu.<\/p><p>Kullanıcı ayrıntıları:<\/p><p>Adı: {USER_NAME}<br \/>E-posta: {USER_EMAIL}<\/p><p>Saygılar,<\/p><p>{WEB_LINK}<\/p>"
    },
    {
      "fk_i_page_id": 19,
      "s_internal_name": "email_contact_user",
      "s_title": "{WEB_TITLE} - Size bir soru iletildi",
      "s_description": "<p>Merhaba {CONTACT_NAME}!<\/p><p>{USER_NAME} ({USER_EMAIL}, {USER_PHONE}) bir mesaj gönderdi:<\/p><p>{COMMENT}<\/p><p>Saygılar,<\/p><p>{WEB_LINK}<\/p>"
    },
    {
      "fk_i_page_id": 20,
      "s_internal_name": "email_new_comment_user",
      "s_title": "{WEB_TITLE} - İlanınıza ait bir yorum var",
      "s_description": "<p>Listeye yeni bir yorum var: <a href=\"{ITEM_URL}\">{ITEM_TITLE}<\/a>.<\/p><p>Yazar: {COMMENT_AUTHOR}<br \/>Yazarın e-postası: {COMMENT_EMAIL}<br \/>Başlık: {COMMENT_TITLE}<br \/>Yorum: {COMMENT_TEXT}<\/p><p>{WEB_LINK}<\/p>"
    },
    {
      "fk_i_page_id": 21,
      "s_internal_name": "email_new_admin",
      "s_title": "{WEB_TITLE} - Yönetici hesabı başarıyla oluşturuldu!",
      "s_description": "<p>Merhaba {ADMIN_NAME},<\/p><p>{WEB_LINK} sitesinin yöneticisi sizin için bir ehsap oluşturdu,<\/p><ul><li>Kullanıcı adınız: {USERNAME}<\/li><li>Şifreniz: {PASSWORD}<\/li><\/ul><p>Yönetici paneline buradan erişebilirsiniz: {WEB_ADMIN_LINK}.<\/p><p>Teşekkür ederiz!<\/p><p>Saygılar,<\/p>"
    },
    {
      "fk_i_page_id": 22,
      "s_internal_name": "email_warn_expiration",
      "s_title": "{WEB_TITLE} - İlanınınız yayınlanma süresi dolmak üzere",
      "s_description": "<p>Merhaba {USER_NAME},<\/p><p><a href=\"{ITEM_URL}\">{ITEM_TITLE}<\/a> başlıklı ilanınızın yayınlanma süresi  {WEB_LINK} sitesinde.dolmak üzere."
    }
  ]
}