{
  "language": "he_HE",
  "template": [
    {
      "fk_i_page_id": 1,
      "s_internal_name": "email_item_inquiry",
      "s_title": "{WEB_TITLE} - למישהו יש שאלה לגבי הרישום שלך",
      "s_description": "<p>היי {CONTACT_NAME}!<\/p><p>{USER_NAME} ({USER_EMAIL}, {USER_PHONE}) השאיר לך הודעה על <a href=\"{ITEM_URL}\">{ITEM_TITLE}<\/a>הרישום שלך:<\/p><p>{COMMENT}<\/p><p>ד\"ש,<\/p><p>{WEB_LINK}<\/p>"
    },
    {
      "fk_i_page_id": 2,
      "s_internal_name": "email_user_validation",
      "s_title": "נא אמת את חשבון {WEB_TITLE} שלך",
      "s_description": "<p>היי {USER_NAME},<\/p><p>אנא אמת את הרישום שלך על ידי לחיצה על הקישור הבא: {VALIDATION_LINK}<\/p><p>תודה!<\/p><p>ד\"ש,<\/p><p>{WEB_LINK}<\/p>"
    },
    {
      "fk_i_page_id": 3,
      "s_internal_name": "email_user_registration",
      "s_title": "{WEB_TITLE} - ההרשמה הצליחה!",
      "s_description": "<p>היי {USER_NAME},<\/p><p>נרשמת בהצלחה {WEB_LINK}.<\/p><p>תודה!<\/p><p>ד\"ש,<\/p><p>{WEB_LINK}<\/p>"
    },
    {
      "fk_i_page_id": 4,
      "s_internal_name": "email_send_friend",
      "s_title": "תראה מה גיליתי {WEB_TITLE}",
      "s_description": "<p>היי {FRIEND_NAME},<\/p><p>החבר שלך {USER_NAME} רוצה לחלוק את הרישום הזה איתך <a href=\"{ITEM_URL}\">{ITEM_TITLE}<\/a>. הודעה<\/p><p>:<\/p><p>{COMMENT}<\/p><p>ד\"ש,<\/p><p>{WEB_TITLE}<\/p>"
    },
    {
      "fk_i_page_id": 5,
      "s_internal_name": "alert_email_hourly",
      "s_title": "{WEB_TITLE} - רישומים חדשים בשעה האחרונה",
      "s_description": "<p>היי {USER_NAME},<\/p><p>רישומים חדשים פורסמו בשעה האחרונה. תסתכל עליהם:<\/p><p>{ADS}<\/p><p>-------------<\/p><p>לביטול המנוי להתראה זו, לחץ על: {UNSUB_LINK}<\/p><p>{WEB_LINK}<\/p>"
    },
    {
      "fk_i_page_id": 6,
      "s_internal_name": "alert_email_daily",
      "s_title": "{WEB_TITLE} - רישומים חדשים ביממה האחרונה",
      "s_description": "<p>היי {USER_NAME},<\/p><p>רישומים חדשים פורסמו ביממה האחרונה. תסתכל עליהם:<\/p><p>{ADS}<\/p><p>-------------<\/p><p>לביטול המנוי להתראה זו, לחץ על: {UNSUB_LINK}<\/p><p>{WEB_LINK}<\/p>"
    },
    {
      "fk_i_page_id": 7,
      "s_internal_name": "alert_email_weekly",
      "s_title": "{WEB_TITLE} - רישומים חדשים בשבוע האחרון",
      "s_description": "<p>היי {USER_NAME},<\/p><p>רישומים חדשים פורסמו בשבוע האחרון. תסתכל עליהם:<\/p><p>{ADS}<\/p><p>-------------<\/p><p>לביטול המנוי להתראה זו, לחץ על: {UNSUB_LINK}<\/p><p>{WEB_LINK}<\/p>"
    },
    {
      "fk_i_page_id": 8,
      "s_internal_name": "alert_email_instant",
      "s_title": "{WEB_TITLE} - רישומים חדשים",
      "s_description": "<p>היי {USER_NAME},<\/p><p>פורסם רישום חדש, לבדוק את זה!<\/p><p>{ADS}<\/p><p>-------------<\/p><p>לביטול המנוי להתראה זו, לחץ על: {UNSUB_LINK}<\/p><p>{WEB_LINK}<\/p>"
    },
    {
      "fk_i_page_id": 9,
      "s_internal_name": "email_new_comment_admin",
      "s_title": "{WEB_TITLE} - הערה חדשה",
      "s_description": "<p>מישהו הגיב על הרישום <a href=\"{ITEM_URL}\">{ITEM_TITLE}<\/a>.<\/p><p>מגיב: הדוא\"ל של המגיב {COMMENT_AUTHOR}<br \/>: כותרת {COMMENT_EMAIL}<br \/>: {COMMENT_TITLE}<br \/>הערה: {COMMENT_TEXT}<\/p>"
    },
    {
      "fk_i_page_id": 10,
      "s_internal_name": "email_new_item_non_register_user",
      "s_title": "{WEB_TITLE} - עריכת אפשרויות עבור {ITEM_TITLE}הרישום",
      "s_description": "<p>היי {USER_NAME},<\/p><p>אינך רשום ב- {WEB_LINK}, אך עדיין באפשרותך לערוך או למחוק את <a href=\"{ITEM_URL}\">{ITEM_TITLE}<\/a> הרישום לפרק זמן קצר.<\/p><p>באפשרותך לערוך את הרישום שלך על-ידי ביצוע קישור זה: {EDIT_LINK}<\/p><p>באפשרותך למחוק את הרישום שלך על-ידי ביצוע קישור זה: {DELETE_LINK}<\/p><p>אם תירשם כמשתמש, תהיה לך גישה מלאה לאפשרויות עריכה.<\/p><p>ד\"ש,<\/p><p>{WEB_LINK}<\/p>"
    },
    {
      "fk_i_page_id": 11,
      "s_internal_name": "email_item_validation",
      "s_title": "{WEB_TITLE} - אמת את הרישום שלך",
      "s_description": "<p>היי {USER_NAME},<\/p><p>אתה מקבל דואר אלקטרוני זה מאחר רישום פורסם ב- {WEB_LINK}. נא לאמת רישום זה על ידי לחיצה על הקישור הבא: {VALIDATION_LINK}. אם לא פרסמת רישום זה, התעלם מדואר אלקטרוני זה. פרטי רישום<\/p><p>: שם איש קשר<\/p><p>: {USER_NAME}<br \/>דואר אלקטרוני ליצירת קשר: כתובת {USER_EMAIL}<\/p><p>{ITEM_DESCRIPTION}<\/p><p>: {ITEM_URL}<\/p><p>ד\"ש,<\/p><p>{WEB_LINK}<\/p>"
    },
    {
      "fk_i_page_id": 12,
      "s_internal_name": "email_admin_new_item",
      "s_title": "{WEB_TITLE} - פורסם רישום חדש",
      "s_description": "<p>מנהל {WEB_TITLE} יקר,<\/p><p>אתה מקבל דוא\"ל זה מכיוון שרישום פורסם ב- {WEB_LINK}. פרטי רישום<\/p><p>: שם איש קשר<\/p><p>: {USER_NAME}<br \/>דוא\"ל ליצירת קשר: {USER_EMAIL}<\/p><p>{ITEM_DESCRIPTION}<\/p><p>כתובת URL: {ITEM_URL}<\/p><p>באפשרותך לערוך רישום זה על ידי לחיצה על הקישור הבא: {EDIT_LINK}<\/p><p>ד\"ש,<\/p><p>{WEB_LINK}<\/p>"
    },
    {
      "fk_i_page_id": 13,
      "s_internal_name": "email_user_forgot_password",
      "s_title": "{WEB_TITLE} - שחזור הסיסמה שלך",
      "s_description": "<p>היי {USER_NAME},<\/p><p>שלחנו לך את הדואר האלקטרוני הזה מכיוון שביקשת תזכורת לסיסמה. עקוב אחר קישור זה כדי לשחזר אותו: {PASSWORD_LINK}<\/p><p>הקישור יושבת בעוד 24 שעות.<\/p><p>אם לא ביקשת תזכורת לסיסמה, התעלם מהודעה זו. בקשה זו הוגשה {IP_ADDRESS} IP ב- {DATE_TIME}<\/p><p>ד\"ש,<\/p><p>{WEB_LINK}<\/p>"
    },
    {
      "fk_i_page_id": 14,
      "s_internal_name": "email_new_email",
      "s_title": "{WEB_TITLE} - ביקשת שינוי בדוא\"ל",
      "s_description": "<p>היי {USER_NAME}<\/p><p>אתה מקבל דואר אלקטרוני זה מכיוון שביקשת שינוי בדואר אלקטרוני. נא אשר כתובת דואר אלקטרוני חדשה זו על-ידי לחיצה על קישור האימות הבא: {VALIDATION_LINK}<\/p><p>ד\"ש,<\/p><p>{WEB_LINK}<\/p>"
    },
    {
      "fk_i_page_id": 15,
      "s_internal_name": "email_alert_validation",
      "s_title": "{WEB_TITLE} - נא לאמת את ההתראה שלך",
      "s_description": "<p>היי {USER_NAME},<\/p><p>נא לאמת את רישום ההתראה שלך על ידי לחיצה על הקישור הבא: {VALIDATION_LINK}<\/p><p>תודה!<\/p><p>ד\"ש,<\/p><p>{WEB_LINK}<\/p>"
    },
    {
      "fk_i_page_id": 16,
      "s_internal_name": "email_comment_validated",
      "s_title": "{WEB_TITLE} - ההערה שלך אושרה",
      "s_description": "<p>היי {COMMENT_AUTHOR},<\/p><p>ההערה שלך על <a href=\"{ITEM_URL}\">{ITEM_TITLE}<\/a> אושרה.<\/p><p>ד\"ש,<\/p><p>{WEB_LINK}<\/p>"
    },
    {
      "fk_i_page_id": 17,
      "s_internal_name": "email_item_validation_non_register_user",
      "s_title": "{WEB_TITLE} - אמת את הרישום שלך",
      "s_description": "<p>היי {USER_NAME},<\/p><p>אתה מקבל דואר אלקטרוני זה מכיוון שפרסמת רישום ב- {WEB_LINK}. נא לאמת רישום זה על ידי לחיצה על הקישור הבא: {VALIDATION_LINK}. אם לא פרסמת רישום זה, התעלם מדואר אלקטרוני זה. פרטי רישום<\/p><p>: שם איש קשר<\/p><p>: {USER_NAME}<br \/>דואר אלקטרוני ליצירת קשר: כתובת {USER_EMAIL}<\/p><p>{ITEM_DESCRIPTION}<\/p><p>URL: {ITEM_URL}<\/p><p>גם אם אינך רשום ב- {WEB_LINK},  אתה עדיין יכול לערוך או למחוק את הרישום שלך:<\/p><p>אתה יכול לערוך את הרישום שלך על ידי ביצוע קישור זה: {EDIT_LINK}<\/p><p>אתה יכול למחוק את הרישום שלך על ידי ביצוע קישור זה: {DELETE_LINK}<\/p><p>ד\"ש,<\/p><p>{WEB_LINK}<\/p>"
    },
    {
      "fk_i_page_id": 18,
      "s_internal_name": "email_admin_new_user",
      "s_title": "{WEB_TITLE} - משתמש חדש נרשם",
      "s_description": "<p>מנהל {WEB_TITLE} יקר,<\/p><p>אתה מקבל הודעת דואר אלקטרוני זו מכיוון שמשתמש חדש נוצר {WEB_LINK}. פרטי משתמש<\/p><p>: שם<\/p><p>: דואר אלקטרוני {USER_NAME}<br \/>: {USER_EMAIL}<\/p><p>ד\"ש,<\/p><p>{WEB_LINK}<\/p>"
    },
    {
      "fk_i_page_id": 19,
      "s_internal_name": "email_contact_user",
      "s_title": "{WEB_TITLE} - למישהו יש שאלה אליך",
      "s_description": "<p>היי {CONTACT_NAME}!<\/p><p>{USER_NAME} ({USER_EMAIL}, {USER_PHONE}) השאיר לך הודעה:<\/p><p>{COMMENT}<\/p><p>ד\"ש,<\/p><p>{WEB_LINK}<\/p>"
    },
    {
      "fk_i_page_id": 20,
      "s_internal_name": "email_new_comment_user",
      "s_title": "{WEB_TITLE} - מישהו הגיב על הרישום שלך",
      "s_description": "<p>יש תגובה חדשה על הרישום: <a href=\"{ITEM_URL}\">{ITEM_TITLE}<\/a>. מחבר<\/p><p>: דוא\"ל מחבר {COMMENT_AUTHOR}<br \/>: כותרת {COMMENT_EMAIL}<br \/>: {COMMENT_TITLE}<br \/>הערה: {COMMENT_TEXT}<\/p><p>{WEB_LINK}<\/p>"
    },
    {
      "fk_i_page_id": 21,
      "s_internal_name": "email_new_admin",
      "s_title": "{WEB_TITLE} - הצלחה ביצירת חשבון מנהל מערכת!",
      "s_description": "<p>היי {ADMIN_NAME},<\/p><p>מנהל {WEB_LINK} יצר חשבון עבורך,<\/p><ul><li>שם משתמש: {USERNAME}<\/li><li>סיסמה: {PASSWORD}<\/li><\/ul><p>באפשרותך לגשת לחלונית הניהול כאן {WEB_ADMIN_LINK}.<\/p><p>תודה!<\/p><p>ד\"ש,<\/p>"
    },
    {
      "fk_i_page_id": 22,
      "s_internal_name": "email_warn_expiration",
      "s_title": "{WEB_TITLE} - תוקף המודעה עומד לפוג",
      "s_description": "<p>היי {USER_NAME},<\/p><p> <a href=\"{ITEM_URL}\">{ITEM_TITLE}<\/a> הרישום שלך עומד לפוג בשעה {WEB_LINK}."
    }
  ]
}