{
  "language": "hi_IN",
  "template": [
    {
      "fk_i_page_id": 1,
      "s_internal_name": "email_item_inquiry",
      "s_title": "{WEB_TITLE} - आपकी लिस्टिंग के बारे में किसी के मन में कोई सवाल है",
      "s_description": "<p>नमस्ते {CONTACT_NAME}!<\/p><p>{USER_NAME} ({USER_EMAIL}, {USER_PHONE}) ने आपको अपनी लिस्टिंग <a href=\"{ITEM_URL}\">{ITEM_TITLE}<\/a के बारे में एक संदेश छोड़ा है >:<\/p><p>{COMMENT}<\/p><p>सादर,<\/p><p>{WEB_LINK}<\/p>"
    },
    {
      "fk_i_page_id": 2,
      "s_internal_name": "email_user_validation",
      "s_title": "कृपया अपने {WEB_TITLE} खाते की पुष्टि करें",
      "s_description": "<P> नमस्ते {USER_NAME} <\/ p> <p> नीचे दिए गए लिंक पर क्लिक करके अपने पंजीकरण का सत्यापन करें: {VALIDATION_LINK} <\/p> <p> धन्यवाद <\/p><p>{WEB_LINK}<\/p>"
    },
    {
      "fk_i_page_id": 3,
      "s_internal_name": "email_user_registration",
      "s_title": "{WEB_TITLE} - पंजीकरण सफल!",
      "s_description": "<p>नमस्ते {USER_NAME},<\/p><p>आपने {WEB_LINK} के लिए सफलतापूर्वक पंजीकरण कर लिया है।<\/p><p>धन्यवाद!<\/p><p>सादर,<\/p><p>{WEB_LINK}<\/p>"
    },
    {
      "fk_i_page_id": 4,
      "s_internal_name": "email_send_friend",
      "s_title": "देखें मुझे {WEB_TITLE} पर क्या मिला",
      "s_description": "<p>नमस्कार {FRIEND_NAME},<\/p><p>आपका मित्र {USER_NAME} इस लिस्टिंग को आपके साथ <a href=\"{ITEM_URL}\">{ITEM_TITLE}<\/a> साझा करना चाहता है।<\/p><p>संदेश:<\/p><p>{COMMENT}<\/p><p>सादर,<\/p><p>{WEB_TITLE}<\/p>"
    },
    {
      "fk_i_page_id": 5,
      "s_internal_name": "alert_email_hourly",
      "s_title": "{WEB_TITLE} - आखिरी घंटे में नई लिस्टिंग",
      "s_description": "<p>नमस्कार {USER_NAME},<\/p><p>पिछले घंटे में नई सूचियां प्रकाशित की गई हैं। उन पर एक नज़र डालें:<\/p><p>{ADS}<\/p><p>---------------<\/p><p>इस अलर्ट से सदस्यता समाप्त करने के लिए, क्लिक करें चालू: {UNSUB_LINK}<\/p><p>{WEB_LINK}<\/p>"
    },
    {
      "fk_i_page_id": 6,
      "s_internal_name": "alert_email_daily",
      "s_title": "{WEB_TITLE} - अंतिम दिन में नई प्रविष्टियां",
      "s_description": "<p>नमस्कार {USER_NAME},<\/p><p>अंतिम दिन में नई प्रविष्टियां प्रकाशित की गई हैं। उन पर एक नज़र डालें:<\/p><p>{ADS}<\/p><p>---------------<\/p><p>इस अलर्ट से सदस्यता समाप्त करने के लिए, क्लिक करें चालू: {UNSUB_LINK}<\/p><p>{WEB_LINK}<\/p>"
    },
    {
      "fk_i_page_id": 7,
      "s_internal_name": "alert_email_weekly",
      "s_title": "{WEB_TITLE} - पिछले सप्ताह में नई प्रविष्टियां",
      "s_description": "<p>नमस्कार {USER_NAME},<\/p><p>पिछले सप्ताह नई प्रविष्टियां प्रकाशित की गई हैं। उन पर एक नज़र डालें:<\/p><p>{ADS}<\/p><p>---------------<\/p><p>इस अलर्ट से सदस्यता समाप्त करने के लिए, क्लिक करें: {UNSUB_LINK}<\/p><p>{WEB_LINK}<\/p>"
    },
    {
      "fk_i_page_id": 8,
      "s_internal_name": "alert_email_instant",
      "s_title": "{WEB_TITLE} - नई प्रविष्टियां",
      "s_description": "<p>नमस्कार {USER_NAME},<\/p><p>एक नई सूची प्रकाशित की गई है, इसे देखें!<\/p><p>{ADS}<\/p><p>------- ------<\/p><p>इस अलर्ट से सदस्यता समाप्त करने के लिए, इस पर क्लिक करें: {UNSUB_LINK}<\/p><p>{WEB_LINK}<\/p>"
    },
    {
      "fk_i_page_id": 9,
      "s_internal_name": "email_new_comment_admin",
      "s_title": "{WEB_TITLE} - नई टिप्पणी",
      "s_description": "<p>किसी ने लिस्टिंग पर टिप्पणी की <a href=\"{ITEM_URL}\">{ITEM_TITLE}<\/a>।<\/p><p>टिप्पणीकर्ता: {COMMENT_AUTHOR}<br \/>टिप्पणीकर्ता का ईमेल: {COMMENT_EMAIL}<br \/>शीर्षक: {COMMENT_TITLE}<br \/>टिप्पणी: {COMMENT_TEXT}<\/p>"
    },
    {
      "fk_i_page_id": 10,
      "s_internal_name": "email_new_item_non_register_user",
      "s_title": "{WEB_TITLE} - लिस्टिंग के लिए विकल्प संपादित करें {ITEM_TITLE}",
      "s_description": "<p>नमस्कार {USER_NAME},<\/p><p>आप {WEB_LINK} पर पंजीकृत नहीं हैं, लेकिन आप अभी भी थोड़े समय के लिए <a href=\"{ITEM_URL}\">{ITEM_TITLE}<\/a> लिस्टिंग को संपादित या हटा सकते हैं।<\/p><p>आप इस लिंक का अनुसरण करके अपनी लिस्टिंग संपादित कर सकते हैं: {EDIT_LINK}<\/p><p>आप इस लिंक का अनुसरण करके अपनी लिस्टिंग को हटा सकते हैं: {DELETE_LINK}<\/p><p>यदि आप एक उपयोगकर्ता के रूप में पंजीकरण करते हैं, तो आपके पास संपादन विकल्पों तक पूर्ण पहुंच होगी।<\/p><p>सादर,<\/p><p>{WEB_LINK}<\/p>"
    },
    {
      "fk_i_page_id": 11,
      "s_internal_name": "email_item_validation",
      "s_title": "{WEB_TITLE} - अपनी लिस्टिंग की पुष्टि करें",
      "s_description": "<p>नमस्कार {USER_NAME},<\/p><p>आपको यह ई-मेल इसलिए प्राप्त हो रहा है क्योंकि एक सूची {WEB_LINK} पर प्रकाशित की गई है। कृपया निम्न लिंक पर क्लिक करके इस लिस्टिंग को सत्यापित करें: {VALIDATION_LINK}। अगर आपने इस लिस्टिंग को प्रकाशित नहीं किया है, तो कृपया इस ईमेल को अनदेखा करें।<\/p><p>लिस्टिंग विवरण:<\/p><p>संपर्क नाम: {USER_NAME}<br \/>संपर्क ई-मेल: {USER_EMAIL} <\/p><p>{ITEM_DESCRIPTION}<\/p><p>यूआरएल: {ITEM_URL}<\/p><p>सादर,<\/p><p>{WEB_LINK}<\/p>"
    },
    {
      "fk_i_page_id": 12,
      "s_internal_name": "email_admin_new_item",
      "s_title": "{WEB_TITLE} - एक नया विज्ञापन प्रकाशित किया गया है",
      "s_description": "<p>प्रिय {WEB_TITLE} व्यवस्थापक,<\/p><p>आपको यह ईमेल इसलिए प्राप्त हो रहा है क्योंकि एक विज्ञापन {WEB_LINK} पर प्रकाशित किया गया है।<\/p><p>सूची विवरण:<\/p><p> संपर्क नाम: {USER_NAME}<br \/>संपर्क ईमेल: {USER_EMAIL}<\/p><p>{ITEM_DESCRIPTION}<\/p><p>यूआरएल: {ITEM_URL}<\/p><p>आप इस विज्ञापन को संपादित कर सकते हैं निम्न लिंक पर क्लिक करके: {EDIT_LINK}<\/p><p>सादर,<\/p><p>{WEB_LINK}<\/p>"
    },
    {
      "fk_i_page_id": 13,
      "s_internal_name": "email_user_forgot_password",
      "s_title": "{WEB_TITLE} - Recover your password",
      "s_description": "<p>Hi {USER_NAME},<\/p><p>We've sent you this e-mail because you've requested a password reminder. Follow this link to recover it: {PASSWORD_LINK}<\/p><p>The link will be deactivated in 24 hours.<\/p><p>If you didn't request a password reminder, please ignore this message. This request was made from IP {IP_ADDRESS} on {DATE_TIME}<\/p><p>Regards,<\/p><p>{WEB_LINK}<\/p>"
    },
    {
      "fk_i_page_id": 14,
      "s_internal_name": "email_new_email",
      "s_title": "{WEB_TITLE} - You requested an email change",
      "s_description": "<p>Hi {USER_NAME}<\/p><p>You're receiving this e-mail because you requested an e-mail change. Please confirm this new e-mail address by clicking on the following validation link: {VALIDATION_LINK}<\/p><p>Regards,<\/p><p>{WEB_LINK}<\/p>"
    },
    {
      "fk_i_page_id": 15,
      "s_internal_name": "email_alert_validation",
      "s_title": "{WEB_TITLE} - Please validate your alert",
      "s_description": "<p>Hi {USER_NAME},<\/p><p>Please validate your alert registration by clicking on the following link: {VALIDATION_LINK}<\/p><p>Thank you!<\/p><p>Regards,<\/p><p>{WEB_LINK}<\/p>"
    },
    {
      "fk_i_page_id": 16,
      "s_internal_name": "email_comment_validated",
      "s_title": "{WEB_TITLE} - Your comment has been approved",
      "s_description": "<p>Hi {COMMENT_AUTHOR},<\/p><p>Your comment on <a href=\"{ITEM_URL}\">{ITEM_TITLE}<\/a> has been approved.<\/p><p>Regards,<\/p><p>{WEB_LINK}<\/p>"
    },
    {
      "fk_i_page_id": 17,
      "s_internal_name": "email_item_validation_non_register_user",
      "s_title": "{WEB_TITLE} - अपनी लिस्टिंग की पुष्टि करें",
      "s_description": "<p>Hi {USER_NAME},<\/p><p>You're receiving this e-mail because you\\’ve published a listing at {WEB_LINK}. Please validate this listing by clicking on the following link: {VALIDATION_LINK}. If you didn't publish this listing, please ignore this e-mail.<\/p><p>Listing details:<\/p><p>Contact name: {USER_NAME}<br \/>Contact e-mail: {USER_EMAIL}<\/p><p>{ITEM_DESCRIPTION}<\/p><p>Url: {ITEM_URL}<\/p><p>Even if you're not registered at {WEB_LINK}, you can still edit or delete your listing:<\/p><p>You can edit your listing by following this link: {EDIT_LINK}<\/p><p>You can delete your listing by following this link: {DELETE_LINK}<\/p><p>Regards,<\/p><p>{WEB_LINK}<\/p>"
    },
    {
      "fk_i_page_id": 18,
      "s_internal_name": "email_admin_new_user",
      "s_title": "{WEB_TITLE} - A new user has registered",
      "s_description": "<p>Dear {WEB_TITLE} admin,<\/p><p>You're receiving this email because a new user has been created at {WEB_LINK}.<\/p><p>User details:<\/p><p>Name: {USER_NAME}<br \/>E-mail: {USER_EMAIL}<\/p><p>Regards,<\/p><p>{WEB_LINK}<\/p>"
    },
    {
      "fk_i_page_id": 19,
      "s_internal_name": "email_contact_user",
      "s_title": "{WEB_TITLE} - Someone has a question for you",
      "s_description": "<p>Hi {CONTACT_NAME}!<\/p><p>{USER_NAME} ({USER_EMAIL}, {USER_PHONE}) left you a message:<\/p><p>{COMMENT}<\/p><p>Regards,<\/p><p>{WEB_LINK}<\/p>"
    },
    {
      "fk_i_page_id": 20,
      "s_internal_name": "email_new_comment_user",
      "s_title": "{WEB_TITLE} - Someone has commented on your listing",
      "s_description": "<p>There's a new comment on the listing: <a href=\"{ITEM_URL}\">{ITEM_TITLE}<\/a>.<\/p><p>Author: {COMMENT_AUTHOR}<br \/>Author's email: {COMMENT_EMAIL}<br \/>Title: {COMMENT_TITLE}<br \/>Comment: {COMMENT_TEXT}<\/p><p>{WEB_LINK}<\/p>"
    },
    {
      "fk_i_page_id": 21,
      "s_internal_name": "email_new_admin",
      "s_title": "{WEB_TITLE} - Success creating admin account!",
      "s_description": "<p>Hi {ADMIN_NAME},<\/p><p>The admin of {WEB_LINK} has created an account for you,<\/p><ul><li>Username: {USERNAME}<\/li><li>Password: {PASSWORD}<\/li><\/ul><p>You can access the admin panel here {WEB_ADMIN_LINK}.<\/p><p>Thank you!<\/p><p>Regards,<\/p>"
    },
    {
      "fk_i_page_id": 22,
      "s_internal_name": "email_warn_expiration",
      "s_title": "{WEB_TITLE} - Your ad is about to expire",
      "s_description": "<p>Hi {USER_NAME},<\/p><p>Your listing <a href=\"{ITEM_URL}\">{ITEM_TITLE}<\/a> is about to expire at {WEB_LINK}."
    }
  ]
}