{
  "language": "vi_VN",
  "template": [
    {
      "fk_i_page_id": 1,
      "s_internal_name": "email_item_inquiry",
      "s_title": "{WEB_TITLE} - Có câu hỏi về tin đăng của bạn",
      "s_description": "<p>Chào {CONTACT_NAME}!<\/p><p>{USER_NAME} ({USER_EMAIL}, {USER_PHONE}) gửi bạn 1 tin nhắn về tin đăng của bạn <a href=\"{ITEM_URL}\">{ITEM_TITLE}<\/a>:<\/p><p>{COMMENT}<\/p><p>Thân,<\/p><p>{WEB_LINK}<\/p>"
    },
    {
      "fk_i_page_id": 2,
      "s_internal_name": "email_user_validation",
      "s_title": "Bạn hãy xác thực tài khoản tại {WEB_TITLE} ",
      "s_description": "<p>Chào {USER_NAME},<\/p><p>Bạn hãy xác thực đăng ký bằng cách nhấp chuột vào liên kết sau: {VALIDATION_LINK}<\/p><p>Xin cám ơn!<\/p><p>Thân,<\/p><p>{WEB_LINK}<\/p>"
    },
    {
      "fk_i_page_id": 3,
      "s_internal_name": "email_user_registration",
      "s_title": "{WEB_TITLE} - Đăng ký thành công!",
      "s_description": "<p>Hi {USER_NAME},<\/p><p>Bạn đã đăng ký thành công cho {WEB_LINK}.<\/p><p>Cảm ơn!<\/p><p>,<\/p><p>{WEB_LINK}<\/p>"
    },
    {
      "fk_i_page_id": 4,
      "s_internal_name": "email_send_friend",
      "s_title": "Xem những gì tôi khám phá được trên {WEB_TITLE}",
      "s_description": "<p>Chào {FRIEND_NAME},<\/p><p>Bạn của bạn, {USER_NAME} muốn gửi cho bạn nội dung tin rao <a href=\"{ITEM_URL}\">{ITEM_TITLE}<\/a>.<\/p><p>Thông điệp:<\/p><p>{COMMENT}<\/p><p>Thân,<\/p><p>{WEB_TITLE}<\/p>"
    },
    {
      "fk_i_page_id": 5,
      "s_internal_name": "alert_email_hourly",
      "s_title": "{WEB_TITLE} - Tin rao mới in the last hour",
      "s_description": "<p>Chào {USER_NAME},<\/p><p>Tin rao mới nhất trong 1 giờ vừa qua. Hãy xem chúng:<\/p><p>{ADS}<\/p><p>-------------<\/p><p>Để hủy nhận tin thông báo này, bạn hãy nhấp vào : {UNSUB_LINK}<\/p><p>{WEB_LINK}<\/p>"
    },
    {
      "fk_i_page_id": 6,
      "s_internal_name": "alert_email_daily",
      "s_title": "{WEB_TITLE} - Tin rao mới in the last day",
      "s_description": "<p>Chào {USER_NAME},<\/p><p>Những tin rao mới nhất trong ngày. Hãy xem chúng:<\/p><p>{ADS}<\/p><p>-------------<\/p><p>Để hủy nhận tin thông báo này, bạn hãy nhấp vào: {UNSUB_LINK}<\/p><p>{WEB_LINK}<\/p>"
    },
    {
      "fk_i_page_id": 7,
      "s_internal_name": "alert_email_weekly",
      "s_title": "{WEB_TITLE} - Tin rao mới in the last week",
      "s_description": "<p>Chào {USER_NAME},<\/p><p>Những tin rao mới nhất trong tuần. Hãy xem chúng:<\/p><p>{ADS}<\/p><p>-------------<\/p><p>Để hủy nhận tin thông báo này, bạn hãy nhấp vào: {UNSUB_LINK}<\/p><p>{WEB_LINK}<\/p>"
    },
    {
      "fk_i_page_id": 8,
      "s_internal_name": "alert_email_instant",
      "s_title": "{WEB_TITLE} - Tin rao mới",
      "s_description": "<p>Chào {USER_NAME},<\/p><p>Có tin đăng mới được công bố. Hãy xem nó!<\/p><p>{ADS}<\/p><p>-------------<\/p><p>Để hủy nhận tin thông báo, bạn nhấp vào liên kết sau: {UNSUB_LINK}<\/p><p>{WEB_LINK}<\/p>"
    },
    {
      "fk_i_page_id": 9,
      "s_internal_name": "email_new_comment_admin",
      "s_title": "{WEB_TITLE} - Có bình luận mới",
      "s_description": "<p>ai đó đã bình luận về danh sách <a href=\"{ITEM_URL}\">{ITEM_TITLE}<\/a>.<\/p><p>Bình luận: email của người bình luận {COMMENT_AUTHOR}<br \/>: {COMMENT_EMAIL}<br \/>Tiêu đề: {COMMENT_TITLE}<br \/>Bình luận: {COMMENT_TEXT}<\/p>"
    },
    {
      "fk_i_page_id": 10,
      "s_internal_name": "email_new_item_non_register_user",
      "s_title": "{WEB_TITLE} - Hiệu chỉnh tin đăng: {ITEM_TITLE}",
      "s_description": "<p>Hi {USER_NAME},<\/p><p>Bạn không đăng ký tại {WEB_LINK}, nhưng bạn vẫn có thể chỉnh sửa hoặc xóa <a href=\"{ITEM_URL}\">{ITEM_TITLE}<\/a> danh sách trong một khoảng thời gian ngắn.<\/p><p>Bạn có thể chỉnh sửa danh sách của mình bằng cách làm theo liên kết này: {EDIT_LINK}<\/p><p>Bạn có thể xóa danh sách của mình bằng cách làm theo liên kết này: {DELETE_LINK}<\/p><p>Nếu bạn đăng ký với tư cách là người dùng, bạn sẽ có quyền truy cập đầy đủ vào các tùy chọn chỉnh sửa.<\/p><p>Quan<\/p><p>{WEB_LINK}<\/p>"
    },
    {
      "fk_i_page_id": 11,
      "s_internal_name": "email_item_validation",
      "s_title": "{WEB_TITLE} - Xác thực tin đăng",
      "s_description": "<p>Hi {USER_NAME},<\/p><p>Bạn đang nhận được e-mail này vì một danh sách đã được xuất bản tại {WEB_LINK}. Vui lòng xác thực danh sách này bằng cách nhấp vào liên kết sau: {VALIDATION_LINK}. Nếu bạn không xuất bản danh sách này, vui lòng bỏ qua email này.<\/p><p>Chi tiết danh sách:<\/p><p>Tên liên hệ: {USER_NAME}<br \/>Liên hệ email: {USER_EMAIL}<\/p><p>{ITEM_DESCRIPTION}<\/p><p>Url: {ITEM_URL}<\/p><p>Quan<\/p><p>{WEB_LINK}<\/p>"
    },
    {
      "fk_i_page_id": 12,
      "s_internal_name": "email_admin_new_item",
      "s_title": "{WEB_TITLE} - Có 1 tin đăng mới trên website",
      "s_description": "<p>quản trị viên {WEB_TITLE} thân mến,<\/p><p>Bạn đang nhận được email này vì một danh sách đã được xuất bản tại {WEB_LINK}.<\/p><p>Chi tiết danh sách:<\/p><p>Tên liên hệ: {USER_NAME}<br \/>Email liên hệ: {USER_EMAIL}<\/p><p>{ITEM_DESCRIPTION}<\/p><p>Url: {ITEM_URL}<\/p><p>Bạn có thể chỉnh sửa danh sách này bằng cách nhấp vào liên kết sau: {EDIT_LINK}<\/p><p>,<\/p><p>{WEB_LINK}<\/p>"
    },
    {
      "fk_i_page_id": 13,
      "s_internal_name": "email_user_forgot_password",
      "s_title": "{WEB_TITLE} - Khôi phục mật khẩu",
      "s_description": "<p>Xin chào {USER_NAME},<\/p><p>Chúng tôi đã gửi cho bạn e-mail này vì bạn đã yêu cầu nhắc nhở mật khẩu. Làm theo liên kết này để khôi phục nó: {PASSWORD_LINK}<\/p><p>Liên kết sẽ bị vô hiệu hóa trong 24 giờ.<\/p><p>Nếu bạn không yêu cầu nhắc nhở mật khẩu, vui lòng bỏ qua thông báo này. Yêu cầu này được thực hiện từ {IP_ADDRESS} IP vào {DATE_TIME}<\/p><p>Regards,<\/p><p>{WEB_LINK}<\/p>"
    },
    {
      "fk_i_page_id": 14,
      "s_internal_name": "email_new_email",
      "s_title": "{WEB_TITLE} - Bạn yêu cầu đổi email",
      "s_description": "<p>Chào {USER_NAME}<\/p><p>Bạn đang nhận được e-mail này vì bạn yêu cầu thay đổi email. Vui lòng xác nhận địa chỉ email mới này bằng cách nhấp vào liên kết xác thực sau: {VALIDATION_LINK}<\/p><p>Xem xét,<\/p><p>{WEB_LINK}<\/p>"
    },
    {
      "fk_i_page_id": 15,
      "s_internal_name": "email_alert_validation",
      "s_title": "{WEB_TITLE} - Bạn hãy xác nhận thông báo nhận tin",
      "s_description": "<p>Chào {USER_NAME},<\/p><p>Bạn hãy xác nhận đăng ký nhận thông báo bằng cách nhấp vào liên kết sau: {VALIDATION_LINK}<\/p><p>Xin cám ơn!<\/p><p>Thân,<\/p><p>{WEB_LINK}<\/p>"
    },
    {
      "fk_i_page_id": 16,
      "s_internal_name": "email_comment_validated",
      "s_title": "{WEB_TITLE} - Bình luận đã được xác nhận",
      "s_description": "<p>Hi {COMMENT_AUTHOR},<\/p><p>Nhận xét của bạn về <a href=\"{ITEM_URL}\">{ITEM_TITLE}<\/a> đã được chấp thuận.<\/p><p>Regards,<\/p><p>{WEB_LINK}<\/p>"
    },
    {
      "fk_i_page_id": 17,
      "s_internal_name": "email_item_validation_non_register_user",
      "s_title": "{WEB_TITLE} - Xác thực tin đăng",
      "s_description": "<p>Xin chào {USER_NAME},<\/p><p>Bạn đang nhận được e-mail này vì bạn đã xuất bản một danh sách tại {WEB_LINK}. Vui lòng xác thực danh sách này bằng cách nhấp vào liên kết sau: {VALIDATION_LINK}. Nếu bạn không xuất bản danh sách này, vui lòng bỏ qua e-mail này.<\/p><p>Chi tiết danh sách:<\/p><p>Tên liên hệ: {USER_NAME}<br \/>Liên hệ e-mail: {USER_EMAIL}<\/p><p>{ITEM_DESCRIPTION}<\/p><p>Url: {ITEM_URL}<\/p><p>Ngay cả khi bạn không đăng ký tại {WEB_LINK},  bạn vẫn có thể chỉnh sửa hoặc xóa danh sách của mình:<\/p><p>Bạn có thể chỉnh sửa danh sách của mình bằng cách làm theo liên kết này: {EDIT_LINK}<\/p><p>Bạn có thể xóa danh sách của mình bằng cách làm theo liên kết này: {DELETE_LINK}<\/p><p>S<\/p><p>{WEB_LINK}<\/p>"
    },
    {
      "fk_i_page_id": 18,
      "s_internal_name": "email_admin_new_user",
      "s_title": "{WEB_TITLE} - Một thành viên mới đăng ký",
      "s_description": "<p>quản trị viên {WEB_TITLE} thân mến,<\/p><p>Bạn đang nhận được email này vì người dùng mới đã được tạo tại {WEB_LINK}.<\/p><p>Chi tiết người dùng:<\/p><p>Tên: {USER_NAME}<br \/>E-mail: {USER_EMAIL}<\/p><p>Quan<\/p><p>{WEB_LINK}<\/p>"
    },
    {
      "fk_i_page_id": 19,
      "s_internal_name": "email_contact_user",
      "s_title": "{WEB_TITLE} - Có câu hỏi dành cho bạn",
      "s_description": "<p>Chào {CONTACT_NAME}!<\/p><p>{USER_NAME} ({USER_EMAIL}, {USER_PHONE}) gửi cho bạn tin nhắn:<\/p><p>{COMMENT}<\/p><p>Thân,<\/p><p>{WEB_LINK}<\/p>"
    },
    {
      "fk_i_page_id": 20,
      "s_internal_name": "email_new_comment_user",
      "s_title": "{WEB_TITLE} - Có lời bình cho tin đăng của bạn",
      "s_description": "<p>Có một bình luận mới về danh sách: <a href=\"{ITEM_URL}\">{ITEM_TITLE}<\/a>.<\/p><p>Tác giả: email của tác giả {COMMENT_AUTHOR}<br \/>: {COMMENT_EMAIL}<br \/>Tiêu đề: {COMMENT_TITLE}<br \/>Nhận xét: {COMMENT_TEXT}<\/p><p>{WEB_LINK}<\/p>"
    },
    {
      "fk_i_page_id": 21,
      "s_internal_name": "email_new_admin",
      "s_title": "{WEB_TITLE} - Tạo tài khoản admin thành công!",
      "s_description": "<p>Hi {ADMIN_NAME},<\/p><p>Admin của {WEB_LINK} đã tạo cho bạn một tài khoản,<\/p><ul><li>Tên đăng nhập: {USERNAME}<\/li><li>Mật khẩu: {PASSWORD}<\/li><\/ul><p>Bạn có thể truy xuất tới trang admin từ đây {WEB_ADMIN_LINK}.<\/p><p>Thank you!<\/p><p>Trân trọng,<\/p>"
    },
    {
      "fk_i_page_id": 22,
      "s_internal_name": "email_warn_expiration",
      "s_title": "{WEB_TITLE} - Tin đăng của bạn sắp hết hạn",
      "s_description": "<p>Hi {USER_NAME},<\/p><p>Tin đăng của bạn về <a href=\"{ITEM_URL}\">{ITEM_TITLE}<\/a> sắp hết hạn tại {WEB_LINK}."
    }
  ]
}