{
  "language": "ja_JA",
  "template": [
    {
      "fk_i_page_id": 1,
      "s_internal_name": "email_item_inquiry",
      "s_title": "{WEB_TITLE} - あなたの広告に関して質問が寄せられています",
      "s_description": "<p>こんにちわ {CONTACT_NAME}さん!<\/p><p>{USER_NAME} ({USER_EMAIL}, {USER_PHONE}) があなたの広告<a href=\"{ITEM_URL}\">{ITEM_TITLE}<\/a>に関してメッセージを残しています。:<\/p><p>{COMMENT}<\/p><p>よろしくお願いします。<\/p><p>{WEB_LINK}<\/p>"
    },
    {
      "fk_i_page_id": 2,
      "s_internal_name": "email_user_validation",
      "s_title": "あなたの{WEB_TITLE} アカウントの認証をしてください。",
      "s_description": "<p>こんにちわ、 {USER_NAME}さん。<\/p><p>こちらのリンクをクリックしてアカウントを認証してください: {VALIDATION_LINK}<\/p><p>ありがとうございました!<\/p><p>よろしくお願いします。<\/p><p>{WEB_LINK}<\/p>"
    },
    {
      "fk_i_page_id": 3,
      "s_internal_name": "email_user_registration",
      "s_title": "{WEB_TITLE} - 登録に成功しました",
      "s_description": "<p>こんにちは {USER_NAME}<\/p><p> {WEB_LINK}に登録しました。<\/p><p>ありがとう!よろしく<\/p><p>、<\/p><p>{WEB_LINK}<\/p>"
    },
    {
      "fk_i_page_id": 4,
      "s_internal_name": "email_send_friend",
      "s_title": "{WEB_TITLE}でこんなものを見つけましたので、ぜひご覧ください。",
      "s_description": "<p>こんにちわ、 {FRIEND_NAME}さん,<\/p><p>あなたの友達である {USER_NAME} さんがこちらの広告をシェアしました。 <a href=\"{ITEM_URL}\">{ITEM_TITLE}<\/a>.<\/p><p>本文:<\/p><p>{COMMENT}<\/p><p>よろしくお願いします。<\/p><p>{WEB_TITLE}<\/p>"
    },
    {
      "fk_i_page_id": 5,
      "s_internal_name": "alert_email_hourly",
      "s_title": "{WEB_TITLE} - 新規広告 in the last hour",
      "s_description": "<p>こんにちわ、 {USER_NAME}さん。<\/p><p>新しい広告が直近1時間の間に公開されました。確認はこちらから。:<\/p><p>{ADS}<\/p><p>-------------<\/p><p>通知機能をオフにするには、こちらのリンクをクリックしてください。: {UNSUB_LINK}<\/p><p>{WEB_LINK}<\/p>"
    },
    {
      "fk_i_page_id": 6,
      "s_internal_name": "alert_email_daily",
      "s_title": "{WEB_TITLE} - 新規広告 in the last day",
      "s_description": "<p>こんにちわ、 {USER_NAME}さん。<\/p><p>新しい広告が前の日に公開されました。確認はこちらから。:<\/p><p>{ADS}<\/p><p>-------------<\/p><p>通知機能をオフにするには、こちらのリンクをクリックしてください。: {UNSUB_LINK}<\/p><p>{WEB_LINK}<\/p>"
    },
    {
      "fk_i_page_id": 7,
      "s_internal_name": "alert_email_weekly",
      "s_title": "{WEB_TITLE} - 新規広告 in the last week",
      "s_description": "<p>こんにちわ、 {USER_NAME}さん。<\/p><p>新しい広告が前の週に公開されました。確認はこちらから。:<\/p><p>{ADS}<\/p><p>-------------<\/p><p>通知機能をオフにするには、こちらのリンクをクリックしてください。: {UNSUB_LINK}<\/p><p>{WEB_LINK}<\/p>"
    },
    {
      "fk_i_page_id": 8,
      "s_internal_name": "alert_email_instant",
      "s_title": "{WEB_TITLE} - 新規広告",
      "s_description": "<p>こんにちわ、 {USER_NAME}さん。<\/p><p>新しい広告が公開されました。確認はこちらから。:<\/p><p>{ADS}<\/p><p>-------------<\/p><p>通知機能をオフにするには、こちらのリンクをクリックしてください。: {UNSUB_LINK}<\/p><p>{WEB_LINK}<\/p>"
    },
    {
      "fk_i_page_id": 9,
      "s_internal_name": "email_new_comment_admin",
      "s_title": "{WEB_TITLE} - 新規コメント",
      "s_description": "<p>誰かがリスト <a href=\"{ITEM_URL}\">{ITEM_TITLE}<\/a>にコメントしました.<\/p><p>コメント: {COMMENT_AUTHOR}<br \/>コメント者のメール: {COMMENT_EMAIL}<br \/>タイトル: コメント: {COMMENT_TITLE}<br \/>コメント: {COMMENT_TEXT}<\/p>"
    },
    {
      "fk_i_page_id": 10,
      "s_internal_name": "email_new_item_non_register_user",
      "s_title": "{WEB_TITLE} - 広告{ITEM_TITLE}の編集オプション",
      "s_description": "<p>こんにちは {USER_NAME}]<\/p><p> {WEB_LINK}に登録されていませんが、リストの <a href=\"{ITEM_URL}\">{ITEM_TITLE}<\/a> を短時間編集または削除できます。<\/p><p>次のリンクに従って一覧を編集することができます: {EDIT_LINK}<\/p><p>次のリンクに従って一覧を削除することができます: {DELETE_LINK}<\/p><p>ユーザーとして登録すると、編集オプションにフル アクセスできます。よろしく<\/p><p>、<\/p><p>{WEB_LINK}<\/p>"
    },
    {
      "fk_i_page_id": 11,
      "s_internal_name": "email_item_validation",
      "s_title": "広告を認証してください",
      "s_description": "<p>こんにちは {USER_NAME}]<\/p><p>リストが {WEB_LINK}で公開されているため、この電子メールを受信しています。この一覧を確認するには、次のリンクをクリック {VALIDATION_LINK}。このリストを公開していない場合は、このメールを無視してください。<\/p><p>リストの詳細:<\/p><p>連絡先名: {USER_NAME}<br \/>連絡先電子メール: {USER_EMAIL}<\/p><p>{ITEM_DESCRIPTION}<\/p><p>URL: {ITEM_URL}<\/p><p>よろしく,<\/p><p>{WEB_LINK}<\/p>"
    },
    {
      "fk_i_page_id": 12,
      "s_internal_name": "email_admin_new_item",
      "s_title": "{WEB_TITLE} - 新しい広告が公開されました",
      "s_description": "<p>親愛なる {WEB_TITLE} 管理者、<\/p><p> {WEB_LINK}でリストが公開されているため、このメールを受け取っています。<\/p><p>リストの詳細:<\/p><p>連絡先名: {USER_NAME}<br \/>連絡先メール: {USER_EMAIL}<\/p><p>{ITEM_DESCRIPTION}<\/p><p>URL: {ITEM_URL}<\/p><p>次のリンクをクリックして、この一覧を編集できます。 {EDIT_LINK}<\/p><p>よろしく、<\/p><p>{WEB_LINK}<\/p>"
    },
    {
      "fk_i_page_id": 13,
      "s_internal_name": "email_user_forgot_password",
      "s_title": "{WEB_TITLE} - パスワードを復旧する",
      "s_description": "<p>こんにちは {USER_NAME}、<\/p><p>パスワードの事前通知を要求したため、この電子メールが送信されました。このリンクに従って回復します: {PASSWORD_LINK}<\/p><p>リンクは 24 時間以内に非アクティブ化されます。<\/p><p>パスワードの確認を要求しなかった場合は、このメッセージを無視してください。この要求は、 {DATE_TIME}<\/p><p>よろしく、<\/p><p>{WEB_LINK}<\/p>上のIP {IP_ADDRESS} から行われました"
    },
    {
      "fk_i_page_id": 14,
      "s_internal_name": "email_new_email",
      "s_title": "{WEB_TITLE} - メールアドレスの変更リクエストがありました",
      "s_description": "<p>こんにちは {USER_NAME}<\/p><p>電子メールの変更を要求したため、この電子メールを受信しています。次の検証リンクをクリックして、この新しい電子メール アドレスを確認してください<\/p><p>{WEB_LINK}<\/p>{VALIDATION_LINK}<\/p><p>。"
    },
    {
      "fk_i_page_id": 15,
      "s_internal_name": "email_alert_validation",
      "s_title": "{WEB_TITLE} - アラートを認証してください",
      "s_description": "<p>こんにちわ、 {USER_NAME}さん。<\/p><p>こちらのリンクをクリックして、アラート登録の認証を行ってください: {VALIDATION_LINK}<\/p><p>ありがとうございます!<\/p><p>よろしくお願いいたします。<\/p><p>{WEB_LINK}<\/p>"
    },
    {
      "fk_i_page_id": 16,
      "s_internal_name": "email_comment_validated",
      "s_title": "{WEB_TITLE} - コメントが承認されました",
      "s_description": "<p>こんにちわ、 {COMMENT_AUTHOR}さん。<\/p><p>広告 <a href=\"{ITEM_URL}\">{ITEM_TITLE}<\/a> に対するコメントが承認されました。<\/p><p>よろしくお願いします。<\/p><p>{WEB_LINK}<\/p>"
    },
    {
      "fk_i_page_id": 17,
      "s_internal_name": "email_item_validation_non_register_user",
      "s_title": "広告を認証してください",
      "s_description": "<p>こんにちは {USER_NAME}]<\/p><p> {WEB_LINK}でリストを公開したため、この電子メールを受信しています。この一覧を確認するには、次のリンクをクリック {VALIDATION_LINK}。この一覧を公開していない場合は、この電子メールを無視してください。<\/p><p>リストの詳細:<\/p><p>連絡先名: 連絡先電子メール {USER_NAME}<br \/>: {USER_EMAIL}<\/p><p>{ITEM_DESCRIPTION}<\/p><p>URL: {ITEM_URL}<\/p><p> {WEB_LINK}に登録していない場合でも 、 引き続きリストを編集または削除することができます:<\/p><p>次のリンクに従ってリストを編集することができます: {EDIT_LINK}<\/p><p>次のリンクをクリックしてリストを削除することができます: {DELETE_LINK}<\/p><p>よろしく、<\/p><p>{WEB_LINK}<\/p>"
    },
    {
      "fk_i_page_id": 18,
      "s_internal_name": "email_admin_new_user",
      "s_title": "{WEB_TITLE} - 新しいユーザーの登録がありました",
      "s_description": "<p>親愛なる {WEB_TITLE} 管理者<\/p><p>新しいユーザーが {WEB_LINK}で作成されたため、このメールを受信しています。<\/p><p>ユーザーの詳細:<\/p><p>名: 電子メール {USER_NAME}<br \/>: {USER_EMAIL}<\/p><p>よろしく,<\/p><p>{WEB_LINK}<\/p>"
    },
    {
      "fk_i_page_id": 19,
      "s_internal_name": "email_contact_user",
      "s_title": "{WEB_TITLE} - 質問が寄せられています",
      "s_description": "<p>こんにちわ、 {CONTACT_NAME}さん!<\/p><p>{USER_NAME} ({USER_EMAIL}, {USER_PHONE}) からのメッセージがあります。:<\/p><p>{COMMENT}<\/p><p>よろしくお願いします。<\/p><p>{WEB_LINK}<\/p>"
    },
    {
      "fk_i_page_id": 20,
      "s_internal_name": "email_new_comment_user",
      "s_title": "{WEB_TITLE} - あなたの広告に関してコメントがつけられました",
      "s_description": "<p>リストに新しいコメントがあります: <a href=\"{ITEM_URL}\">{ITEM_TITLE}<\/a>.<\/p><p>著者: {COMMENT_AUTHOR}<br \/>著者の電子メール: {COMMENT_EMAIL}<br \/>タイトル: {COMMENT_TITLE}<br \/>コメント: {COMMENT_TEXT}<\/p><p>{WEB_LINK}<\/p>"
    },
    {
      "fk_i_page_id": 21,
      "s_internal_name": "email_new_admin",
      "s_title": "{WEB_TITLE} - 管理者アカウントを作成しました！",
      "s_description": "<p>こんにちわ、{ADMIN_NAME}、<\/p><p>{WEB_LINK}の管理者があなた用のアカウントを作成しました。<\/p><ul><li>ユーザー名: {USERNAME}<\/li><li>パスワード: {PASSWORD}<\/li><\/ul><p>管理パネルへのアクセスはこちらから。{WEB_ADMIN_LINK}.<\/p><p>ありがとうございました!<\/p><p>よろしくお願いします。<\/p>"
    },
    {
      "fk_i_page_id": 22,
      "s_internal_name": "email_warn_expiration",
      "s_title": "{WEB_TITLE} - 広告はまもなく期限が切れます",
      "s_description": "<p>こんにちわ、 {USER_NAME}さん。<\/p><p>あなたの広告 <a href=\"{ITEM_URL}\">{ITEM_TITLE}<\/a> はまもなく掲載期限を向かえます。こちらから確認してください。 {WEB_LINK}."
    }
  ]
}