{
  "language": "fa_IR",
  "template": [
    {
      "fk_i_page_id": 1,
      "s_internal_name": "email_item_inquiry",
      "s_title": "{WEB_TITLE} - شخصی یک سوال درباره آگهی شما دارد",
      "s_description": "<p>سلام {CONTACT_NAME}!<\/p><p>{USER_NAME} ({USER_EMAIL}, {USER_PHONE}) یک پیام در مورد آگهی شما برایتان گذاشته است <a href=\"{ITEM_URL}\">{ITEM_TITLE}<\/a>:<\/p><p>{COMMENT}<\/p><p>با احترام,<\/p><p>{WEB_TITLE}<\/p>"
    },
    {
      "fk_i_page_id": 2,
      "s_internal_name": "email_user_validation",
      "s_title": "لطفا حساب کاربری خود را در {WEB_TITLE} فعال کنید",
      "s_description": "<p>سلام {USER_NAME},<\/p><p>برای تایید حساب کاربری خود روی لینک زیر کلیک کنید: {VALIDATION_LINK}<\/p><p>متشکر!<\/p><p>با احترام,<\/p><p>{WEB_TITLE}<\/p>"
    },
    {
      "fk_i_page_id": 3,
      "s_internal_name": "email_user_registration",
      "s_title": "{WEB_TITLE} - ثبت نام موفق!",
      "s_description": "<p>سلام {USER_NAME}<\/p><p>شما با موفقیت ثبت نام کرده {WEB_LINK}.<\/p><p>ممنون!<\/p><p>احترام،<\/p><p>{WEB_LINK}<\/p>"
    },
    {
      "fk_i_page_id": 4,
      "s_internal_name": "email_send_friend",
      "s_title": "نگاهی به آنچه که من کشف کردم در {WEB_TITLE}",
      "s_description": "<p>سلام {FRIEND_NAME},<\/p><p>دوست شما {USER_NAME} میخواهد این مورد را با شما به اشتراک بگذارد <a href=\"{ITEM_URL}\">{ITEM_TITLE}<\/a>.<\/p><p>متن پیام:<\/p><p>{COMMENT}<\/p><p>با احترام,<\/p><p>{WEB_TITLE}<\/p>"
    },
    {
      "fk_i_page_id": 5,
      "s_internal_name": "alert_email_hourly",
      "s_title": "{WEB_TITLE} - آگهی جدید in the last hour",
      "s_description": "<p>سلام {USER_NAME},<\/p><p>در ساعت گذشته آگهی های جدیدی منتشر شده اند. به آنها نگاه کنید:<\/p><p>{ADS}<\/p><p>-------------<\/p><p>برای لغو اشتراک از این اعلام، کلیک کنید روی: {UNSUB_LINK}<\/p><p>{WEB_LINK}<\/p>"
    },
    {
      "fk_i_page_id": 6,
      "s_internal_name": "alert_email_daily",
      "s_title": "{WEB_TITLE} - آگهی جدید in the last day",
      "s_description": "<p>سلام {USER_NAME},<\/p><p>آگهی های جدیدی در روز گذشته منتشر گردیده.به آنها نگاهی بیاندازید:<\/p><p>{ADS}<\/p><p>-------------<\/p><p>برای لغو اشتراک از این اعلام، کلیک کنید روی:{UNSUB_LINK}<\/p><p>{WEB_LINK}<\/p>"
    },
    {
      "fk_i_page_id": 7,
      "s_internal_name": "alert_email_weekly",
      "s_title": "{WEB_TITLE} - آگهی جدید in the last week",
      "s_description": "<p>سلام {USER_NAME},<\/p><p>آگهی های جدیدی در هفته گذشته منتشر شده ، به آنها نگاهی بیاندازید:<\/p><p>{ADS}<\/p><p>-------------<\/p><p>برای لغو اشتراک از این اعلام، کلیک کنید روی: {UNSUB_LINK}<\/p><p>{WEB_LINK}<\/p>"
    },
    {
      "fk_i_page_id": 8,
      "s_internal_name": "alert_email_instant",
      "s_title": "{WEB_TITLE} - آگهی جدید",
      "s_description": "<p>سلام {USER_NAME},<\/p><p>یک آگهی جدید منتشر شد، به آن نگاهی بیاندازید:<\/p><p>{ADS}<\/p><p>-------------<\/p><p>برای لغو اشتراک از این اعلام، کلیک کنید روی: {UNSUB_LINK}<\/p><p>{WEB_LINK}<\/p>"
    },
    {
      "fk_i_page_id": 9,
      "s_internal_name": "email_new_comment_admin",
      "s_title": "{WEB_TITLE} - نظر جدید",
      "s_description": "<p>کسی در لیست اظهار نظر <a href=\"{ITEM_URL}\">{ITEM_TITLE}<\/a>.<\/p><p>Commenter: {COMMENT_AUTHOR}<br \/>Commenter's email: {COMMENT_EMAIL}<br \/>Title: {COMMENT_TITLE}<br \/>Comment: {COMMENT_TEXT}<\/p>"
    },
    {
      "fk_i_page_id": 10,
      "s_internal_name": "email_new_item_non_register_user",
      "s_title": "{WEB_TITLE} - ویرایش تنظیمات برای آگهی با  {ITEM_TITLE}",
      "s_description": "<p>سلام {USER_NAME}<\/p><p>شما در {WEB_LINK}ثبت نام نیست ، اما شما هنوز هم می توانید ویرایش و یا حذف لیست <a href=\"{ITEM_URL}\">{ITEM_TITLE}<\/a> برای یک دوره کوتاه از زمان.<\/p><p>شما می توانید لیست خود را با دنبال کردن این لینک ویرایش کنید: {EDIT_LINK}<\/p><p>شما می توانید لیست خود را با دنبال کردن این لینک حذف کنید: {DELETE_LINK}<\/p><p>اگر به عنوان کاربر ثبت نام کنید، دسترسی کامل به گزینه های ویرایش خواهید داشت.<\/p><p>احترام،<\/p><p>{WEB_LINK}<\/p>"
    },
    {
      "fk_i_page_id": 11,
      "s_internal_name": "email_item_validation",
      "s_title": "{WEB_TITLE} - تایید آگهی شما",
      "s_description": "<p>سلام {USER_NAME}،<\/p><p>شما در حال دریافت این ایمیل به دلیل لیست شده است در {WEB_LINK}. لطفا اعتبار این لیست با کلیک کردن بر روی لینک زیر : {VALIDATION_LINK}. اگر این لیست را منتشر نکردید، لطفاً این ایمیل را نادیده بگیرید.<\/p><p>لیست جزئیات:<\/p><p>تماس با ما: {USER_NAME}<br \/>تماس با الکترونیکی: {USER_EMAIL}<\/p><p>{ITEM_DESCRIPTION}<\/p><p>آدرس: {ITEM_URL}<\/p><p>با توجه به,<\/p><p>{WEB_LINK}<\/p>"
    },
    {
      "fk_i_page_id": 12,
      "s_internal_name": "email_admin_new_item",
      "s_title": "{WEB_TITLE} - آگهی جدیدی منتشر شده است",
      "s_description": "<p>مدیر {WEB_TITLE} ،<\/p><p>شما در حال دریافت این ایمیل به دلیل یک لیست شده است در {WEB_LINK}.<\/p><p>لیست جزئیات:<\/p><p>تماس با ما: {USER_NAME}<br \/>تماس با ایمیل: {USER_EMAIL}<\/p><p>{ITEM_DESCRIPTION}<\/p><p>آدرس: {ITEM_URL}<\/p><p>شما می توانید این لیست را با کلیک کردن بر روی لینک زیر ویرایش کنید: {EDIT_LINK}<\/p><p>احترام،<\/p><p>{WEB_LINK}<\/p>"
    },
    {
      "fk_i_page_id": 13,
      "s_internal_name": "email_user_forgot_password",
      "s_title": "{WEB_TITLE} - بازیابی رمز عبور",
      "s_description": "<p>سلام {USER_NAME}<\/p><p>ما این ایمیل را برای شما ارسال کرده ایم زیرا شما درخواست یادآوری رمز عبور را کرده اید. این لینک را دنبال کنید تا آن را بازیابی {PASSWORD_LINK}<\/p><p>: لینک در 24 ساعت غیر فعال خواهد شد.<\/p><p>اگر درخواست یادآوری رمز عبور را نکردید، لطفاً این پیام را نادیده بگیرید. این درخواست از آی پی {IP_ADDRESS} در {DATE_TIME}<\/p><p>،<\/p><p>{WEB_LINK}<\/p>"
    },
    {
      "fk_i_page_id": 14,
      "s_internal_name": "email_new_email",
      "s_title": "{WEB_TITLE} - شما درخواست تغییر ایمیل را داده اید",
      "s_description": "<p>سلام {USER_NAME}<\/p><p>شما این ایمیل را دریافت می کنید چون درخواست تغییر ایمیل کرده بودی. لطفا این آدرس ایمیل جدید را با کلیک بر روی لینک اعتبار سنجی زیر تایید کنید: {VALIDATION_LINK}<\/p><p>نظر،<\/p><p>{WEB_LINK}<\/p>"
    },
    {
      "fk_i_page_id": 15,
      "s_internal_name": "email_alert_validation",
      "s_title": "{WEB_TITLE} - لطفا  پیامتان را تایید کنید",
      "s_description": "<p>سلام {USER_NAME},<\/p><p>لطفا برای تایید عضویت شما روی لینک زیر کلیک کنید: {VALIDATION_LINK}<\/p><p>متشکر!<\/p><p>با احترام,<\/p><p>{WEB_LINK}<\/p>"
    },
    {
      "fk_i_page_id": 16,
      "s_internal_name": "email_comment_validated",
      "s_title": "{WEB_TITLE} - دیدگاه شما مورد تایید قرار گرفته است",
      "s_description": "<p>سلام {COMMENT_AUTHOR},<\/p><p>دیدگاه شما در آگهی <a href=\"{ITEM_URL}\">{ITEM_TITLE}<\/a> تایید شده است.<\/p><p>با احترام,<\/p><p>{WEB_LINK}<\/p>"
    },
    {
      "fk_i_page_id": 17,
      "s_internal_name": "email_item_validation_non_register_user",
      "s_title": "{WEB_TITLE} - تایید آگهی شما",
      "s_description": "<p>سلام {USER_NAME}<\/p><p>شما این ایمیل را دریافت می کنید چرا که شما یک لیست در سایت منتشر {WEB_LINK}. لطفا اعتبار این لیست با کلیک کردن بر روی لینک زیر : {VALIDATION_LINK}. اگر این لیست را منتشر نکردید، لطفاً این ایمیل را نادیده بگیرید.<\/p><p>لیست جزئیات:<\/p><p>تماس با ما: {USER_NAME}<br \/>تماس با الکترونیکی: {USER_EMAIL}<\/p><p>{ITEM_DESCRIPTION}<\/p><p>آدرس: {ITEM_URL}<\/p><p>حتی اگر شما در الکترونیکی ثبت نام {WEB_LINK},  شما هنوز هم می توانید لیست خود را ویرایش یا حذف کنید:<\/p><p>شما می توانید لیست خود را با زیر این لینک ویرایش کنید: {EDIT_LINK}<\/p><p>شما می توانید لیست خود را با زیر این لینک حذف کنید: {DELETE_LINK}<\/p><p>با توجه به,<\/p><p>{WEB_LINK}<\/p>"
    },
    {
      "fk_i_page_id": 18,
      "s_internal_name": "email_admin_new_user",
      "s_title": "{WEB_TITLE} - ثبت نام کاربر جدید",
      "s_description": "<p>مدیر {WEB_TITLE} ،<\/p><p>شما این ایمیل را دریافت می کنید چون کاربر جدیدی در سایت ایجاد شده {WEB_LINK}.<\/p><p>کاربر:<\/p><p>نام: {USER_NAME}<br \/>الکترونیکی: {USER_EMAIL}<\/p><p>با توجه به,<\/p><p>{WEB_LINK}<\/p>"
    },
    {
      "fk_i_page_id": 19,
      "s_internal_name": "email_contact_user",
      "s_title": "{WEB_TITLE} - شخصی از شما سوالی دارد",
      "s_description": "<p>سلام {CONTACT_NAME}!<\/p><p>{USER_NAME} ({USER_EMAIL}, {USER_PHONE}) پیامی برای شما گذاشته:<\/p><p>{COMMENT}<\/p><p>با سپاس,<\/p><p>{WEB_LINK}<\/p>"
    },
    {
      "fk_i_page_id": 20,
      "s_internal_name": "email_new_comment_user",
      "s_title": "{WEB_TITLE} - کسی در آگهی شما نظری ارسال کرده است",
      "s_description": "<p>نظر جدیدی در مورد لیست وجود دارد: <a href=\"{ITEM_URL}\">{ITEM_TITLE}<\/a>.<\/p><p>نویسنده: {COMMENT_AUTHOR}<br \/>نویسنده: {COMMENT_EMAIL}<br \/>عنوان: {COMMENT_TITLE}<br \/>نظر: {COMMENT_TEXT}<\/p><p>{WEB_LINK}<\/p>"
    },
    {
      "fk_i_page_id": 21,
      "s_internal_name": "email_new_admin",
      "s_title": "{WEB_TITLE} - با موفقیت حساب کاربری مدیریت ساخته شد.",
      "s_description": "<p>سلام {ADMIN_NAME},<\/p><p>مدیریت {WEB_LINK} یک حساب کاربری برای شما ساخته است.<\/p><ul><li>نام کاربری: {USERNAME}<\/li><li>رمز ورود: {PASSWORD}<\/li><\/ul><p>شما میتوانید در به حساب مدیریت دسترسی داشته باشید در اینجا {WEB_ADMIN_LINK}.<\/p><p>سپاس!<\/p><p>موفق باشید<\/p>"
    },
    {
      "fk_i_page_id": 22,
      "s_internal_name": "email_warn_expiration",
      "s_title": "{WEB_TITLE} - آگهی شما درحال منقضی شدنه",
      "s_description": "<p>سلام {USER_NAME},<\/p><p>آگهی شما <a href=\"{ITEM_URL}\">{ITEM_TITLE}<\/a> همین روزاست که منقضی بشه در {WEB_LINK}."
    }
  ]
}