{
  "language": "id_ID",
  "template": [
    {
      "fk_i_page_id": 1,
      "s_internal_name": "email_item_inquiry",
      "s_title": "{WEB_TITLE} - Seseorang memiliki pertanyaan tentang daftar Anda",
      "s_description": "<p>Hi {CONTACT_NAME}!<\/p><p>{USER_NAME} ({USER_EMAIL}, {USER_PHONE}) memberi Anda pesan tentang daftar Anda <a href=\"{ITEM_URL}\">{ITEM_TITLE}<\/a>:<\/p><p>{COMMENT}<\/p><p>Regards,<\/p><p>{WEB_LINK}<\/p>"
    },
    {
      "fk_i_page_id": 2,
      "s_internal_name": "email_user_validation",
      "s_title": "Harap validasi akun {WEB_TITLE} Anda",
      "s_description": "<p>Hi {USER_NAME},<\/p><p>Harap validasi pendaftaran Anda dengan mengklik tautan berikut: {VALIDATION_LINK}<\/p><p>Terima kasih!<\/p><p>Hal,<\/p><p>{WEB_LINK}<\/p>"
    },
    {
      "fk_i_page_id": 3,
      "s_internal_name": "email_user_registration",
      "s_title": "{WEB_TITLE} - Pendaftaran berhasil!",
      "s_description": "<p>Hi {USER_NAME},<\/p><p>Anda telah berhasil mendaftar untuk {WEB_LINK}.<\/p><p>Terima kasih!<\/p><p>Hal,<\/p><p>{WEB_LINK}<\/p>"
    },
    {
      "fk_i_page_id": 4,
      "s_internal_name": "email_send_friend",
      "s_title": "Lihatlah apa yang saya temukan di {WEB_TITLE}",
      "s_description": "<p>Hi {FRIEND_NAME},<\/p><p>Teman Anda {USER_NAME} ingin berbagi daftar ini dengan Anda <a href=\"{ITEM_URL}\">{ITEM_TITLE}<\/a>. Pesan<\/p><p>:<\/p><p>{COMMENT}<\/p><p>Hormat,<\/p><p>{WEB_TITLE}<\/p>"
    },
    {
      "fk_i_page_id": 5,
      "s_internal_name": "alert_email_hourly",
      "s_title": "{WEB_TITLE} - Daftar baru dalam satu jam terakhir",
      "s_description": "<p>Hi {USER_NAME},<\/p><p>Daftar baru telah diterbitkan dalam satu jam terakhir. Lihatlah mereka:<\/p><p>{ADS}<\/p><p>-------------<\/p><p>Untuk berhenti berlangganan dari peringatan ini, klik: {UNSUB_LINK}<\/p><p>{WEB_LINK}<\/p>"
    },
    {
      "fk_i_page_id": 6,
      "s_internal_name": "alert_email_daily",
      "s_title": "{WEB_TITLE} - Daftar baru di hari terakhir",
      "s_description": "<p>Hi {USER_NAME},<\/p><p>Daftar baru telah diterbitkan pada hari terakhir. Lihatlah mereka:<\/p><p>{ADS}<\/p><p>-------------<\/p><p>Untuk berhenti berlangganan dari peringatan ini, klik: {UNSUB_LINK}<\/p><p>{WEB_LINK}<\/p>"
    },
    {
      "fk_i_page_id": 7,
      "s_internal_name": "alert_email_weekly",
      "s_title": "{WEB_TITLE} - Daftar baru dalam seminggu terakhir",
      "s_description": "<p>Hi {USER_NAME},<\/p><p>daftar baru telah diterbitkan dalam seminggu terakhir. Lihatlah mereka:<\/p><p>{ADS}<\/p><p>-------------<\/p><p>Untuk berhenti berlangganan dari peringatan ini, klik: {UNSUB_LINK}<\/p><p>{WEB_LINK}<\/p>"
    },
    {
      "fk_i_page_id": 8,
      "s_internal_name": "alert_email_instant",
      "s_title": "{WEB_TITLE} - Daftar baru",
      "s_description": "<p>Hi {USER_NAME},<\/p><p>Daftar baru telah diterbitkan, check it out!<\/p><p>{ADS}<\/p><p>-------------<\/p><p>Untuk berhenti berlangganan dari peringatan ini, klik: {UNSUB_LINK}<\/p><p>{WEB_LINK}<\/p>"
    },
    {
      "fk_i_page_id": 9,
      "s_internal_name": "email_new_comment_admin",
      "s_title": "{WEB_TITLE} - Komentar baru",
      "s_description": "<p>Seseorang mengomentari daftar <a href=\"{ITEM_URL}\">{ITEM_TITLE}<\/a>.<\/p><p>Commenter: email {COMMENT_AUTHOR}<br \/>Commenter: Judul {COMMENT_EMAIL}<br \/>: Komentar {COMMENT_TITLE}<br \/>: {COMMENT_TEXT}<\/p>"
    },
    {
      "fk_i_page_id": 10,
      "s_internal_name": "email_new_item_non_register_user",
      "s_title": "{WEB_TITLE} - Opsi edit untuk {ITEM_TITLE}daftar",
      "s_description": "<p>Hi {USER_NAME},<\/p><p>Anda tidak terdaftar di {WEB_LINK}, tetapi Anda masih dapat mengedit atau menghapus <a href=\"{ITEM_URL}\">{ITEM_TITLE}<\/a> daftar untuk waktu yang singkat.<\/p><p>Anda dapat mengedit daftar Anda dengan mengikuti tautan ini: {EDIT_LINK}<\/p><p>Anda dapat menghapus daftar Anda dengan mengikuti tautan ini: {DELETE_LINK}<\/p><p>Jika Anda mendaftar sebagai pengguna, Anda akan memiliki akses penuh ke opsi pengeditan.<\/p><p>Hal,<\/p><p>{WEB_LINK}<\/p>"
    },
    {
      "fk_i_page_id": 11,
      "s_internal_name": "email_item_validation",
      "s_title": "{WEB_TITLE} - Validasi daftar Anda",
      "s_description": "<p>Hi {USER_NAME},<\/p><p>Anda menerima email ini karena daftar telah dipublikasikan di {WEB_LINK}. Silakan validasi daftar ini dengan mengklik tautan berikut: {VALIDATION_LINK}. Jika Anda tidak mempublikasikan daftar ini, silakan abaikan email ini.<\/p><p>Mencantumkan rincian: nama kontak<\/p><p>: {USER_NAME}<br \/>Email kontak: url {USER_EMAIL}<\/p><p>{ITEM_DESCRIPTION}<\/p><p>: {ITEM_URL}<\/p><p>Regards,<\/p><p>{WEB_LINK}<\/p>"
    },
    {
      "fk_i_page_id": 12,
      "s_internal_name": "email_admin_new_item",
      "s_title": "{WEB_TITLE} - Daftar baru telah diterbitkan",
      "s_description": "<p>Dear {WEB_TITLE} admin,<\/p><p>Anda menerima email ini karena daftar telah dipublikasikan di {WEB_LINK}.<\/p><p>Mencantumkan detail:<\/p><p>Nama kontak: {USER_NAME}<br \/>Email kontak: url {USER_EMAIL}<\/p><p>{ITEM_DESCRIPTION}<\/p><p>: {ITEM_URL}<\/p><p>Anda dapat mengedit daftar ini dengan mengklik tautan berikut: {EDIT_LINK}<\/p><p>Hal,<\/p><p>{WEB_LINK}<\/p>"
    },
    {
      "fk_i_page_id": 13,
      "s_internal_name": "email_user_forgot_password",
      "s_title": "{WEB_TITLE} - Pulihkan kata sandi Anda",
      "s_description": "<p>Hi {USER_NAME},<\/p><p>Kami telah mengirimi Anda email ini karena Anda telah meminta pengingat kata sandi. Ikuti tautan ini untuk memulihkannya: {PASSWORD_LINK}<\/p><p>Tautan akan dinonaktifkan dalam 24 jam.<\/p><p>Jika Anda tidak meminta pengingat kata sandi, silakan abaikan pesan ini. Permintaan ini dibuat dari ip {IP_ADDRESS} on {DATE_TIME}<\/p><p>Regards,<\/p><p>{WEB_LINK}<\/p>"
    },
    {
      "fk_i_page_id": 14,
      "s_internal_name": "email_new_email",
      "s_title": "{WEB_TITLE} - Anda meminta perubahan email",
      "s_description": "<p>Hi {USER_NAME}<\/p><p>Anda menerima email ini karena Anda meminta perubahan email. Harap konfirmasi alamat email baru ini dengan mengklik tautan validasi berikut: {VALIDATION_LINK}<\/p><p>Regards,<\/p><p>{WEB_LINK}<\/p>"
    },
    {
      "fk_i_page_id": 15,
      "s_internal_name": "email_alert_validation",
      "s_title": "{WEB_TITLE} - Harap validasi peringatan Anda",
      "s_description": "<p>Hi {USER_NAME},<\/p><p>Harap validasi pendaftaran peringatan Anda dengan mengklik tautan berikut: {VALIDATION_LINK}<\/p><p>Terima kasih!<\/p><p>Hal,<\/p><p>{WEB_LINK}<\/p>"
    },
    {
      "fk_i_page_id": 16,
      "s_internal_name": "email_comment_validated",
      "s_title": "{WEB_TITLE} - Komentar Anda telah disetujui",
      "s_description": "<p>Hi {COMMENT_AUTHOR},<\/p><p>Komentar Anda tentang <a href=\"{ITEM_URL}\">{ITEM_TITLE}<\/a> telah disetujui.<\/p><p>Hal,<\/p><p>{WEB_LINK}<\/p>"
    },
    {
      "fk_i_page_id": 17,
      "s_internal_name": "email_item_validation_non_register_user",
      "s_title": "{WEB_TITLE} - Validasi daftar Anda",
      "s_description": "<p>Hi {USER_NAME},<\/p><p>Anda menerima email ini karena Anda telah menerbitkan daftar di {WEB_LINK}. Silakan validasi daftar ini dengan mengklik tautan berikut: {VALIDATION_LINK}. Jika Anda tidak mempublikasikan daftar ini, silakan abaikan email ini.<\/p><p>Mencantumkan rincian:<\/p><p>Nama kontak: {USER_NAME}<br \/>Hubungi email: url {USER_EMAIL}<\/p><p>{ITEM_DESCRIPTION}<\/p><p>: {ITEM_URL}<\/p><p>Bahkan jika Anda tidak terdaftar di {WEB_LINK},  Anda masih dapat mengedit atau menghapus daftar Anda:<\/p><p>Anda dapat mengedit daftar Anda dengan mengikuti tautan ini: {EDIT_LINK}<\/p><p>Anda dapat menghapus daftar Anda dengan mengikuti tautan ini: {DELETE_LINK}<\/p><p>Regards,<\/p><p>{WEB_LINK}<\/p>"
    },
    {
      "fk_i_page_id": 18,
      "s_internal_name": "email_admin_new_user",
      "s_title": "{WEB_TITLE} - Pengguna baru telah mendaftar",
      "s_description": "<p>Dear {WEB_TITLE} admin,<\/p><p>Anda menerima email ini karena pengguna baru telah dibuat di {WEB_LINK}.<\/p><p>Detail pengguna: Nama<\/p><p>: email {USER_NAME}<br \/>: {USER_EMAIL}<\/p><p>Regards,<\/p><p>{WEB_LINK}<\/p>"
    },
    {
      "fk_i_page_id": 19,
      "s_internal_name": "email_contact_user",
      "s_title": "{WEB_TITLE} - Seseorang memiliki pertanyaan untuk Anda",
      "s_description": "<p>Hi {CONTACT_NAME}!<\/p><p>{USER_NAME} ({USER_EMAIL}, {USER_PHONE}) memberi Anda pesan:<\/p><p>{COMMENT}<\/p><p>Regards,<\/p><p>{WEB_LINK}<\/p>"
    },
    {
      "fk_i_page_id": 20,
      "s_internal_name": "email_new_comment_user",
      "s_title": "{WEB_TITLE} - Seseorang telah mengomentari daftar Anda",
      "s_description": "<p>Ada komentar baru tentang daftar: <a href=\"{ITEM_URL}\">{ITEM_TITLE}<\/a>.<\/p><p>Penulis: {COMMENT_AUTHOR}<br \/>Penulis: Judul {COMMENT_EMAIL}<br \/>: Komentar {COMMENT_TITLE}<br \/>: {COMMENT_TEXT}<\/p><p>{WEB_LINK}<\/p>"
    },
    {
      "fk_i_page_id": 21,
      "s_internal_name": "email_new_admin",
      "s_title": "{WEB_TITLE} - Sukses membuat akun admin!",
      "s_description": "<p>Hi {ADMIN_NAME},<\/p><p>Admin {WEB_LINK} telah membuat akun untuk Anda,<\/p><ul><li>Username: {USERNAME}<\/li><li>Password: {PASSWORD}<\/li><\/ul><p>Anda dapat mengakses panel admin di sini {WEB_ADMIN_LINK}.<\/p><p>Terima kasih!<\/p><p>Hal,<\/p>"
    },
    {
      "fk_i_page_id": 22,
      "s_internal_name": "email_warn_expiration",
      "s_title": "{WEB_TITLE} - Iklan Anda akan kedaluwarsa",
      "s_description": "<p>Hi {USER_NAME},<\/p><p> <a href=\"{ITEM_URL}\">{ITEM_TITLE}<\/a> daftar Anda akan berakhir pada {WEB_LINK}."
    }
  ]
}