{
  "language": "zh_TW",
  "template": [
    {
      "fk_i_page_id": 1,
      "s_internal_name": "email_item_inquiry",
      "s_title": "{WEB_TITLE} - 有訪客對你的清單發表了回應",
      "s_description": "<p>{CONTACT_NAME} 你好；<\/p><p>{USER_NAME} ({USER_EMAIL}, {USER_PHONE}) 在你的清單中發表了訊息：<a href=\"{ITEM_URL}\">{ITEM_TITLE}<\/a>:<\/p><p>{COMMENT}<\/p><p>祝好<\/p><p>{WEB_LINK}<\/p>"
    },
    {
      "fk_i_page_id": 2,
      "s_internal_name": "email_user_validation",
      "s_title": "請驗證你的 {WEB_TITLE} 帳號",
      "s_description": "<p>{USER_NAME} 你好；<\/p><p>請驗證你的註冊是否為你本人，請按一下右側超連結：{VALIDATION_LINK}<\/p><p>謝謝你！<\/p><p>祝好<\/p><p>{WEB_LINK}<\/p>"
    },
    {
      "fk_i_page_id": 3,
      "s_internal_name": "email_user_registration",
      "s_title": "{WEB_TITLE} - 註冊成功！",
      "s_description": "<p>喜 {USER_NAME}，<\/p><p>你已經成功註冊了 {WEB_LINK}。<\/p><p>謝謝！<\/p><p>問候，<\/p><p>{WEB_LINK}<\/p>"
    },
    {
      "fk_i_page_id": 4,
      "s_internal_name": "email_send_friend",
      "s_title": "看看我在 {WEB_TITLE} 發現了什麼",
      "s_description": "<p>{FRIEND_NAME} 你好；<\/p><p>你的朋友 {USER_NAME} 分享這個廣告清單給你 <a href=\"{ITEM_URL}\">{ITEM_TITLE}<\/a>.<\/p><p>內容：<\/p><p>{COMMENT}<\/p><p>祝好<\/p><p>{WEB_TITLE}<\/p>"
    },
    {
      "fk_i_page_id": 5,
      "s_internal_name": "alert_email_hourly",
      "s_title": "{WEB_TITLE} - 新清單 in the last hour",
      "s_description": "<p>{USER_NAME} 你好；<\/p><p>最近一個小時發佈的新清單，去瞧一瞧吧！<\/p><p>{ADS}<\/p><p>-------------<\/p><p>若不想訂閱這類通知，請按一下右側超連結：{UNSUB_LINK}<\/p><p>{WEB_LINK}<\/p>"
    },
    {
      "fk_i_page_id": 6,
      "s_internal_name": "alert_email_daily",
      "s_title": "{WEB_TITLE} - 新清單 in the last day",
      "s_description": "<p>{USER_NAME} 你好；<\/p><p>最近一天發佈的新清單，去瞧一瞧吧！<\/p><p>{ADS}<\/p><p>-------------<\/p><p>若不想訂閱這類通知，請按一下右側超連結：{UNSUB_LINK}<\/p><p>{WEB_LINK}<\/p>"
    },
    {
      "fk_i_page_id": 7,
      "s_internal_name": "alert_email_weekly",
      "s_title": "{WEB_TITLE} - 新清單 in the last week",
      "s_description": "<p>{USER_NAME} 你好；<\/p><p>最近一週發佈的新清單，去瞧一瞧吧！<\/p><p>{ADS}<\/p><p>-------------<\/p><p>若不想訂閱這類通知，請按一下右側超連結：{UNSUB_LINK}<\/p><p>{WEB_LINK}<\/p>"
    },
    {
      "fk_i_page_id": 8,
      "s_internal_name": "alert_email_instant",
      "s_title": "{WEB_TITLE} - 新清單",
      "s_description": "<p>{USER_NAME} 你好；<\/p><p>有新的清單發佈，請查看！<\/p><p>{ADS}<\/p><p>-------------<\/p><p>若不想訂閱這類通知，請按一下右側超連結：{UNSUB_LINK}<\/p><p>{WEB_LINK}<\/p>"
    },
    {
      "fk_i_page_id": 9,
      "s_internal_name": "email_new_comment_admin",
      "s_title": "{WEB_TITLE} - 新的線上留言",
      "s_description": "<p>有人對上市 <a href=\"{ITEM_URL}\">{ITEM_TITLE}<\/a>發表了評論。<\/p><p>評論者： {COMMENT_AUTHOR}<br \/>評論者的電子郵件： {COMMENT_EMAIL}<br \/>標題： {COMMENT_TITLE}<br \/>評論： {COMMENT_TEXT}<\/p>"
    },
    {
      "fk_i_page_id": 10,
      "s_internal_name": "email_new_item_non_register_user",
      "s_title": "{WEB_TITLE} - 編輯清單的功能選項 {ITEM_TITLE}",
      "s_description": "<p>喜 {USER_NAME}，<\/p><p>您沒有在 {WEB_LINK}註冊，但仍可以在短時間內編輯或刪除清單 <a href=\"{ITEM_URL}\">{ITEM_TITLE}<\/a> 。<\/p><p>您可以通過以下連結來編輯清單： {EDIT_LINK}<\/p><p>您可以通過以下連結刪除清單： {DELETE_LINK}<\/p><p>如果您註冊為使用者，您將可以完全存取編輯選項。<\/p><p>問候，<\/p><p>{WEB_LINK}<\/p>"
    },
    {
      "fk_i_page_id": 11,
      "s_internal_name": "email_item_validation",
      "s_title": "{WEB_TITLE} - 驗證你的廣告清單",
      "s_description": "<p>喜 {USER_NAME}，<\/p><p>你收到這封電子郵件是因為 {WEB_LINK}已經發佈了一個清單。請點擊以下連結驗證此清單： {VALIDATION_LINK}。如果您沒有發布此清單，請忽略此電子郵件。<\/p><p>清單詳細資訊：<\/p><p>聯絡人姓名： {USER_NAME}<br \/>聯繫電子郵件： {USER_EMAIL}<\/p><p>{ITEM_DESCRIPTION}<\/p><p>網址： {ITEM_URL}<\/p><p>問候，<\/p><p>{WEB_LINK}<\/p>"
    },
    {
      "fk_i_page_id": 12,
      "s_internal_name": "email_admin_new_item",
      "s_title": "{WEB_TITLE} - 有新的廣告清單發佈",
      "s_description": "<p>親愛的 {WEB_TITLE} 管理員，<\/p><p>你收到這封電子郵件，因為一個清單已經公佈在 {WEB_LINK}。<\/p><p>清單詳細資訊：<\/p><p>聯繫人姓名： {USER_NAME}<br \/>聯繫人電子郵件： {USER_EMAIL}<\/p><p>{ITEM_DESCRIPTION}<\/p><p>網址： {ITEM_URL}<\/p><p>您可以按下以下連結來編輯此列表： {EDIT_LINK}<\/p><p>問候，<\/p><p>{WEB_LINK}<\/p>"
    },
    {
      "fk_i_page_id": 13,
      "s_internal_name": "email_user_forgot_password",
      "s_title": "{WEB_TITLE} - 找回你的密碼",
      "s_description": "<p>嗨， {USER_NAME}，<\/p><p>我們給你發了這封電子郵件，因為你已經要求密碼提醒。按照此連結恢復它： {PASSWORD_LINK}<\/p><p>連結將在24小時內停用。<\/p><p>如果您沒有請求密碼提醒，請忽略此消息。這一請求是智慧財產權 {IP_ADDRESS} 就 {DATE_TIME}<\/p><p>問候提出<\/p><p>{WEB_LINK}<\/p>"
    },
    {
      "fk_i_page_id": 14,
      "s_internal_name": "email_new_email",
      "s_title": "{WEB_TITLE} - 你要求變更電子郵件",
      "s_description": "<p>嗨 {USER_NAME}<\/p><p>您收到此電子郵件是因為你要求更改電子郵件。請按下以下驗證連結確認此新電子郵件地址： {VALIDATION_LINK}<\/p><p>問候、<\/p><p>{WEB_LINK}<\/p>"
    },
    {
      "fk_i_page_id": 15,
      "s_internal_name": "email_alert_validation",
      "s_title": "{WEB_TITLE} - 請驗證你的通知功能",
      "s_description": "<p>{USER_NAME} 你好；<\/p><p>你開啟通知功能，須驗證後啟用，請按一下右側超連結：{VALIDATION_LINK}<\/p><p>謝謝！<\/p><p>祝好<\/p><p>{WEB_LINK}<\/p>"
    },
    {
      "fk_i_page_id": 16,
      "s_internal_name": "email_comment_validated",
      "s_title": "{WEB_TITLE} - 你的線上留言已經核准",
      "s_description": "<p>{COMMENT_AUTHOR} 你好；<\/p><p>你在 <a href=\"{ITEM_URL}\">{ITEM_TITLE}<\/a> 發表的線上留言已經核准。<\/p><p>祝好<\/p><p>{WEB_LINK}<\/p>"
    },
    {
      "fk_i_page_id": 17,
      "s_internal_name": "email_item_validation_non_register_user",
      "s_title": "{WEB_TITLE} - 驗證你的廣告清單",
      "s_description": "<p>喜 {USER_NAME}，<\/p><p>你收到這封電子郵件，因為你已經發佈了一個清單在 {WEB_LINK}。請點擊以下連結驗證此清單： {VALIDATION_LINK}。如果您沒有發布此清單，請忽略此電子郵件。<\/p><p>清單詳細資訊：<\/p><p>聯繫人姓名： {USER_NAME}<br \/>聯繫電子郵件： {USER_EMAIL}<\/p><p>{ITEM_DESCRIPTION}<\/p><p>網址： {ITEM_URL}<\/p><p>即使您沒有在 {WEB_LINK}註冊， 您仍然可以編輯或移除您的清單：<\/p><p>您可以透過以下連結來編輯清單： {EDIT_LINK}<\/p><p>您可以通過以下連結刪除清單： {DELETE_LINK}<\/p><p>問候、<\/p><p>{WEB_LINK}<\/p>"
    },
    {
      "fk_i_page_id": 18,
      "s_internal_name": "email_admin_new_user",
      "s_title": "{WEB_TITLE} - 有新的使用者註冊",
      "s_description": "<p>親愛的 {WEB_TITLE} 管理員，<\/p><p>你收到這封電子郵件，因為一個新的用戶已經創建在 {WEB_LINK}。<\/p><p>使用者詳細資訊：<\/p><p>姓名： {USER_NAME}<br \/>電子郵件： {USER_EMAIL}<\/p><p>問候，<\/p><p>{WEB_LINK}<\/p>"
    },
    {
      "fk_i_page_id": 19,
      "s_internal_name": "email_contact_user",
      "s_title": "{WEB_TITLE} - 有人留言給你",
      "s_description": "<p>{CONTACT_NAME} 你好；<\/p><p>{USER_NAME} ({USER_EMAIL}, {USER_PHONE}) 留言給你：<\/p><p>{COMMENT}<\/p><p>祝好<\/p><p>{WEB_LINK}<\/p>"
    },
    {
      "fk_i_page_id": 20,
      "s_internal_name": "email_new_comment_user",
      "s_title": "{WEB_TITLE} - 有人在你的廣告清單中留言",
      "s_description": "<p>對上市有新的評論： <a href=\"{ITEM_URL}\">{ITEM_TITLE}<\/a>。<\/p><p>作者： {COMMENT_AUTHOR}<br \/>作者的電子郵件： {COMMENT_EMAIL}<br \/>標題： {COMMENT_TITLE}<br \/>評論： {COMMENT_TEXT}<\/p><p>{WEB_LINK}<\/p>"
    },
    {
      "fk_i_page_id": 21,
      "s_internal_name": "email_new_admin",
      "s_title": "{WEB_TITLE} - 成功建立管理員帳號！",
      "s_description": "<p>你好 {ADMIN_NAME}，<\/p><p>{WEB_LINK} 的管理員已經為你建立帳號，<\/p><ul><li>使用者名稱：{USERNAME}<\/li><li>密碼： {PASSWORD}<\/li><\/ul><p>你可以進入管理員控制面板，請按一下 {WEB_ADMIN_LINK}。<\/p><p>謝謝！<\/p><p>祝好，<\/p>"
    },
    {
      "fk_i_page_id": 22,
      "s_internal_name": "email_warn_expiration",
      "s_title": "{WEB_TITLE} - 你的廣告快要到期",
      "s_description": "<p>你好 {USER_NAME}，<\/p><p>你在 {WEB_LINK} 的廣告 <a href=\"{ITEM_URL}\">{ITEM_TITLE}<\/a> 已經快要到期。"
    }
  ]
}