{
  "language": "hi_IN",
  "template": [
    {
      "fk_i_page_id": 1,
      "s_internal_name": "email_item_inquiry",
      "s_title": "{WEB_TITLE} - आपकी लिस्टिंग के बारे में किसी के मन में कोई सवाल है",
      "s_description": "<p>नमस्ते {CONTACT_NAME}!<\/p><p>{USER_NAME} ({USER_EMAIL}, {USER_PHONE}) ने आपको अपनी लिस्टिंग <a href=\"{ITEM_URL}\">{ITEM_TITLE}<\/a के बारे में एक संदेश छोड़ा है >:<\/p><p>{COMMENT}<\/p><p>सादर,<\/p><p>{WEB_LINK}<\/p>"
    },
    {
      "fk_i_page_id": 2,
      "s_internal_name": "email_user_validation",
      "s_title": "कृपया अपने {WEB_TITLE} खाते की पुष्टि करें",
      "s_description": "<P> नमस्ते {USER_NAME} <\/ p> <p> नीचे दिए गए लिंक पर क्लिक करके अपने पंजीकरण का सत्यापन करें: {VALIDATION_LINK} <\/p> <p> धन्यवाद <\/p><p>{WEB_LINK}<\/p>"
    },
    {
      "fk_i_page_id": 3,
      "s_internal_name": "email_user_registration",
      "s_title": "{WEB_TITLE} - पंजीकरण सफल!",
      "s_description": "<p>नमस्ते {USER_NAME},<\/p><p>आपने {WEB_LINK} के लिए सफलतापूर्वक पंजीकरण कर लिया है।<\/p><p>धन्यवाद!<\/p><p>सादर,<\/p><p>{WEB_LINK}<\/p>"
    },
    {
      "fk_i_page_id": 4,
      "s_internal_name": "email_send_friend",
      "s_title": "देखें मुझे {WEB_TITLE} पर क्या मिला",
      "s_description": "<p>नमस्कार {FRIEND_NAME},<\/p><p>आपका मित्र {USER_NAME} इस लिस्टिंग को आपके साथ <a href=\"{ITEM_URL}\">{ITEM_TITLE}<\/a> साझा करना चाहता है।<\/p><p>संदेश:<\/p><p>{COMMENT}<\/p><p>सादर,<\/p><p>{WEB_TITLE}<\/p>"
    },
    {
      "fk_i_page_id": 5,
      "s_internal_name": "alert_email_hourly",
      "s_title": "{WEB_TITLE} - आखिरी घंटे में नई लिस्टिंग",
      "s_description": "<p>नमस्कार {USER_NAME},<\/p><p>पिछले घंटे में नई सूचियां प्रकाशित की गई हैं। उन पर एक नज़र डालें:<\/p><p>{ADS}<\/p><p>---------------<\/p><p>इस अलर्ट से सदस्यता समाप्त करने के लिए, क्लिक करें चालू: {UNSUB_LINK}<\/p><p>{WEB_LINK}<\/p>"
    },
    {
      "fk_i_page_id": 6,
      "s_internal_name": "alert_email_daily",
      "s_title": "{WEB_TITLE} - अंतिम दिन में नई प्रविष्टियां",
      "s_description": "<p>नमस्कार {USER_NAME},<\/p><p>अंतिम दिन में नई प्रविष्टियां प्रकाशित की गई हैं। उन पर एक नज़र डालें:<\/p><p>{ADS}<\/p><p>---------------<\/p><p>इस अलर्ट से सदस्यता समाप्त करने के लिए, क्लिक करें चालू: {UNSUB_LINK}<\/p><p>{WEB_LINK}<\/p>"
    },
    {
      "fk_i_page_id": 7,
      "s_internal_name": "alert_email_weekly",
      "s_title": "{WEB_TITLE} - पिछले सप्ताह में नई प्रविष्टियां",
      "s_description": "<p>नमस्कार {USER_NAME},<\/p><p>पिछले सप्ताह नई प्रविष्टियां प्रकाशित की गई हैं। उन पर एक नज़र डालें:<\/p><p>{ADS}<\/p><p>---------------<\/p><p>इस अलर्ट से सदस्यता समाप्त करने के लिए, क्लिक करें: {UNSUB_LINK}<\/p><p>{WEB_LINK}<\/p>"
    },
    {
      "fk_i_page_id": 8,
      "s_internal_name": "alert_email_instant",
      "s_title": "{WEB_TITLE} - नई प्रविष्टियां",
      "s_description": "<p>नमस्कार {USER_NAME},<\/p><p>एक नई सूची प्रकाशित की गई है, इसे देखें!<\/p><p>{ADS}<\/p><p>------- ------<\/p><p>इस अलर्ट से सदस्यता समाप्त करने के लिए, इस पर क्लिक करें: {UNSUB_LINK}<\/p><p>{WEB_LINK}<\/p>"
    },
    {
      "fk_i_page_id": 9,
      "s_internal_name": "email_new_comment_admin",
      "s_title": "{WEB_TITLE} - नई टिप्पणी",
      "s_description": "<p>किसी ने लिस्टिंग पर टिप्पणी की <a href=\"{ITEM_URL}\">{ITEM_TITLE}<\/a>।<\/p><p>टिप्पणीकर्ता: {COMMENT_AUTHOR}<br \/>टिप्पणीकर्ता का ईमेल: {COMMENT_EMAIL}<br \/>शीर्षक: {COMMENT_TITLE}<br \/>टिप्पणी: {COMMENT_TEXT}<\/p>"
    },
    {
      "fk_i_page_id": 10,
      "s_internal_name": "email_new_item_non_register_user",
      "s_title": "{WEB_TITLE} - लिस्टिंग के लिए विकल्प संपादित करें {ITEM_TITLE}",
      "s_description": "<p>नमस्कार {USER_NAME},<\/p><p>आप {WEB_LINK} पर पंजीकृत नहीं हैं, लेकिन आप अभी भी थोड़े समय के लिए <a href=\"{ITEM_URL}\">{ITEM_TITLE}<\/a> लिस्टिंग को संपादित या हटा सकते हैं।<\/p><p>आप इस लिंक का अनुसरण करके अपनी लिस्टिंग संपादित कर सकते हैं: {EDIT_LINK}<\/p><p>आप इस लिंक का अनुसरण करके अपनी लिस्टिंग को हटा सकते हैं: {DELETE_LINK}<\/p><p>यदि आप एक उपयोगकर्ता के रूप में पंजीकरण करते हैं, तो आपके पास संपादन विकल्पों तक पूर्ण पहुंच होगी।<\/p><p>सादर,<\/p><p>{WEB_LINK}<\/p>"
    },
    {
      "fk_i_page_id": 11,
      "s_internal_name": "email_item_validation",
      "s_title": "{WEB_TITLE} - अपनी लिस्टिंग की पुष्टि करें",
      "s_description": "<p>नमस्कार {USER_NAME},<\/p><p>आपको यह ई-मेल इसलिए प्राप्त हो रहा है क्योंकि एक सूची {WEB_LINK} पर प्रकाशित की गई है। कृपया निम्न लिंक पर क्लिक करके इस लिस्टिंग को सत्यापित करें: {VALIDATION_LINK}। अगर आपने इस लिस्टिंग को प्रकाशित नहीं किया है, तो कृपया इस ईमेल को अनदेखा करें।<\/p><p>लिस्टिंग विवरण:<\/p><p>संपर्क नाम: {USER_NAME}<br \/>संपर्क ई-मेल: {USER_EMAIL} <\/p><p>{ITEM_DESCRIPTION}<\/p><p>यूआरएल: {ITEM_URL}<\/p><p>सादर,<\/p><p>{WEB_LINK}<\/p>"
    },
    {
      "fk_i_page_id": 12,
      "s_internal_name": "email_admin_new_item",
      "s_title": "{WEB_TITLE} - एक नया विज्ञापन प्रकाशित किया गया है",
      "s_description": "<p>प्रिय {WEB_TITLE} व्यवस्थापक,<\/p><p>आपको यह ईमेल इसलिए प्राप्त हो रहा है क्योंकि एक विज्ञापन {WEB_LINK} पर प्रकाशित किया गया है।<\/p><p>सूची विवरण:<\/p><p> संपर्क नाम: {USER_NAME}<br \/>संपर्क ईमेल: {USER_EMAIL}<\/p><p>{ITEM_DESCRIPTION}<\/p><p>यूआरएल: {ITEM_URL}<\/p><p>आप इस विज्ञापन को संपादित कर सकते हैं निम्न लिंक पर क्लिक करके: {EDIT_LINK}<\/p><p>सादर,<\/p><p>{WEB_LINK}<\/p>"
    },
    {
      "fk_i_page_id": 13,
      "s_internal_name": "email_user_forgot_password",
      "s_title": "{WEB_TITLE} - अपना पासवर्ड रिकवर करें",
      "s_description": "<p>हाय {USER_NAME},<\/p><p>हमने आपको यह ई-मेल भेजा है क्योंकि आपने पासवर्ड रिमाइंडर का अनुरोध किया है। इसे ठीक करने के लिए इस लिंक का पालन करें: {PASSWORD_LINK}<\/p><p>लिंक 24 घंटे में निष्क्रिय कर दिया जाएगा ।<\/p><p>अगर आपने पासवर्ड रिमाइंडर का अनुरोध नहीं किया है, तो कृपया इस संदेश को अनदेखा करें। यह अनुरोध आईपी {IP_ADDRESS} से {DATE_TIME}<\/p><p>संबंध है,<\/p><p>{WEB_LINK}<\/p>पर किया गया था"
    },
    {
      "fk_i_page_id": 14,
      "s_internal_name": "email_new_email",
      "s_title": "{WEB_TITLE} - आपने ईमेल परिवर्तन का अनुरोध किया",
      "s_description": "<p>हाय {USER_NAME}<\/p><p>आपको यह ई-मेल मिल रहा है क्योंकि आपने ई-मेल बदलने का अनुरोध किया था। कृपया निम्नलिखित सत्यापन लिंक पर क्लिक करके इस नए ई-मेल पते की पुष्टि करें: {VALIDATION_LINK}<\/p><p>सादर,<\/p><p>{WEB_LINK}<\/p>"
    },
    {
      "fk_i_page_id": 15,
      "s_internal_name": "email_alert_validation",
      "s_title": "{WEB_TITLE} - कृपया अपनी चेतावनी को मान्य करें",
      "s_description": "<p>हाय {USER_NAME},<\/p><p>कृपया निम्नलिखित लिंक पर क्लिक करके अपने अलर्ट पंजीकरण को मान्य करें: {VALIDATION_LINK}<\/p><p>धन्यवाद!<\/p><p>का संबंध है,<\/p><p>{WEB_LINK}<\/p>"
    },
    {
      "fk_i_page_id": 16,
      "s_internal_name": "email_comment_validated",
      "s_title": "{WEB_TITLE} - आपकी टिप्पणी को मंजूरी दे दी गई है",
      "s_description": "हाय {COMMENT_AUTHOR}<p><\/p><p> <a href=\"{ITEM_URL}\">{ITEM_TITLE}<\/a> पर आपकी टिप्पणी को मंजूरी दे दी गई है ।<\/p><p>का संबंध है,<\/p><p>{WEB_LINK}<\/p>"
    },
    {
      "fk_i_page_id": 17,
      "s_internal_name": "email_item_validation_non_register_user",
      "s_title": "{WEB_TITLE} - अपनी लिस्टिंग की पुष्टि करें",
      "s_description": "<p>Hi {USER_NAME},<\/p><p>You're receiving this e-mail because you\\’ve published a listing at {WEB_LINK}. Please validate this listing by clicking on the following link: {VALIDATION_LINK}. If you didn't publish this listing, please ignore this e-mail.<\/p><p>Listing details:<\/p><p>Contact name: {USER_NAME}<br \/>Contact e-mail: {USER_EMAIL}<\/p><p>{ITEM_DESCRIPTION}<\/p><p>Url: {ITEM_URL}<\/p><p>Even if you're not registered at {WEB_LINK}, you can still edit or delete your listing:<\/p><p>You can edit your listing by following this link: {EDIT_LINK}<\/p><p>You can delete your listing by following this link: {DELETE_LINK}<\/p><p>Regards,<\/p><p>{WEB_LINK}<\/p>"
    },
    {
      "fk_i_page_id": 18,
      "s_internal_name": "email_admin_new_user",
      "s_title": "{WEB_TITLE} - एक नया उपयोगकर्ता पंजीकृत किया गया है",
      "s_description": "प्रिय {WEB_TITLE} व्यवस्थापक <p>,<\/p><p>आपको यह ईमेल प्राप्त हो रहा है क्योंकि {WEB_LINK}में एक नया उपयोगकर्ता बनाया गया है।<\/p><p>उपयोगकर्ता विवरण:<\/p><p>नाम: {USER_NAME}<br \/>ई-मेल: {USER_EMAIL}<\/p><p>संबंध है,<\/p><p>{WEB_LINK}<\/p>"
    },
    {
      "fk_i_page_id": 19,
      "s_internal_name": "email_contact_user",
      "s_title": "{WEB_TITLE} - किसी को आप के लिए एक सवाल है",
      "s_description": "<p>हाय {CONTACT_NAME}!<\/p><p>{USER_NAME} ({USER_EMAIL}, {USER_PHONE}) आप एक संदेश छोड़ दिया:<\/p><p>{COMMENT}<\/p><p>सादर,<\/p><p>{WEB_LINK}<\/p>"
    },
    {
      "fk_i_page_id": 20,
      "s_internal_name": "email_new_comment_user",
      "s_title": "{WEB_TITLE} - किसी ने आपकी लिस्टिंग पर टिप्पणी की है",
      "s_description": "<p>लिस्टिंग पर एक नई टिप्पणी है: <a href=\"{ITEM_URL}\">{ITEM_TITLE}<\/a>।<\/p><p>लेखक: {COMMENT_AUTHOR}<br \/>लेखक का ईमेल: {COMMENT_EMAIL}<br \/>शीर्षक: {COMMENT_TITLE}<br \/>टिप्पणी: {COMMENT_TEXT}<\/p><p>{WEB_LINK}<\/p>"
    },
    {
      "fk_i_page_id": 21,
      "s_internal_name": "email_new_admin",
      "s_title": "{WEB_TITLE} - व्यवस्थापक खाता बनाने में सफलता!",
      "s_description": "<p>हाय {ADMIN_NAME},<\/p><p> {WEB_LINK} के व्यवस्थापक ने आपके लिए एक खाता बनाया है,<\/p><ul><li>उपयोगकर्ता नाम: {USERNAME}<\/li><li>पासवर्ड: {PASSWORD}<\/li><\/ul><p>आप यहां व्यवस्थापक पैनल तक पहुंच सकते हैं {WEB_ADMIN_LINK}।<\/p><p>धन्यवाद!<\/p><p>का संबंध है,<\/p>"
    },
    {
      "fk_i_page_id": 22,
      "s_internal_name": "email_warn_expiration",
      "s_title": "{WEB_TITLE} - आपका विज्ञापन समाप्त होने वाला है",
      "s_description": "हाय {USER_NAME}<p>,<\/p><p>आपका लिस्टिंग <a href=\"{ITEM_URL}\">{ITEM_TITLE}<\/a> {WEB_LINK}समाप्त होने वाला है ।"
    }
  ]
}