{
  "language": "th_TH",
  "template": [
    {
      "fk_i_page_id": 1,
      "s_internal_name": "email_item_inquiry",
      "s_title": "{WEB_TITLE} - บางคนมีคำถามเกี่ยวกับรายการประกาศของคุณ",
      "s_description": "<p>สวัสดี {CONTACT_NAME}!<\/p><p>{USER_NAME} ({USER_EMAIL}, {USER_PHONE}) ส่งข้อความหาคุณเกี่ยวกับรายการ <a href=\"{ITEM_URL}\">{ITEM_TITLE}<\/a>:<\/p><p>{COMMENT}<\/p><p>ด้วยความนับถือ,<\/p><p>{WEB_LINK}<\/p>"
    },
    {
      "fk_i_page_id": 2,
      "s_internal_name": "email_user_validation",
      "s_title": "กรูรายืนยันบัญชีผู้ใช้ของ  {WEB_TITLE} ",
      "s_description": "<p>สวัสดี {USER_NAME},<\/p><p>กรุณายืนยันการสมัครของคุณโดยคลิ๊กที่ลิ้งค์นี้ : {VALIDATION_LINK}<\/p><p>ขอบคุณ !<\/p><p>ด้วยความนับถือ,<\/p><p>{WEB_LINK}<\/p>"
    },
    {
      "fk_i_page_id": 3,
      "s_internal_name": "email_user_registration",
      "s_title": "{WEB_TITLE} - การสมัครสมาชิกเสร็จสมบูรณ์!",
      "s_description": "<p>สวัสดี {USER_NAME}<\/p><p>คุณได้ลงทะเบียน {WEB_LINK}เรียบร้อยแล้ว<\/p><p>ขอบคุณ! ขอแสดงความนับถือ<\/p><p><\/p><p>{WEB_LINK}<\/p>"
    },
    {
      "fk_i_page_id": 4,
      "s_internal_name": "email_send_friend",
      "s_title": "ดูว่ามีอะไรใหม่ ๆ ที่ {WEB_TITLE}",
      "s_description": "<p>สวัสดี {FRIEND_NAME},<\/p><p>เพื่อนของคุณ {USER_NAME} ต้องการที่จะทำการแบ่งปันรายการประกาศนี้กับคุณ <a href=\"{ITEM_URL}\">{ITEM_TITLE}<\/a>.<\/p><p>ข้อความ:<\/p><p>{COMMENT}<\/p><p>ด้วยความนับถือ,<\/p><p>{WEB_TITLE}<\/p>"
    },
    {
      "fk_i_page_id": 5,
      "s_internal_name": "alert_email_hourly",
      "s_title": "{WEB_TITLE} - รายการใหม่ in the last hour",
      "s_description": "<p>สวัสดี {USER_NAME},<\/p><p>รายการใหม่ที่ได้ถูกเผยแพร่ในชั่วโมงที่ผ่านมา. ดูรายการเหล่านี้:<\/p><p>{ADS}<\/p><p>-------------<\/p><p>ยกเลิกการรับสมัครการแจ้งเตือนนี้, คลิ๊กที่: {UNSUB_LINK}<\/p><p>{WEB_LINK}<\/p>"
    },
    {
      "fk_i_page_id": 6,
      "s_internal_name": "alert_email_daily",
      "s_title": "{WEB_TITLE} - รายการใหม่ in the last day",
      "s_description": "<p>สวัสดี {USER_NAME},<\/p><p>รายการใหม่ที่ได้ถูกเผยแพร่ในระยะเวลาที่ผ่านมา. ดูรายการเหล่านี้ที่:<\/p><p>{ADS}<\/p><p>-------------<\/p><p>ยกเลิกการรับสมัครการแจ้งเตือนนี้, คลิ๊กที่: {UNSUB_LINK}<\/p><p>{WEB_LINK}<\/p>"
    },
    {
      "fk_i_page_id": 7,
      "s_internal_name": "alert_email_weekly",
      "s_title": "{WEB_TITLE} - รายการใหม่ in the last week",
      "s_description": "<p>สวัสดี {USER_NAME},<\/p><p>รายการใหม่ที่ได้ถูกเผยแพร่ในสัปดาห์นี้. ดูรายการเหล่านี้:<\/p><p>{ADS}<\/p><p>-------------<\/p><p>เพื่อยกเลิกการแจ้งเตือนนี้ , คลิ๊กที่: {UNSUB_LINK}<\/p><p>{WEB_LINK}<\/p>"
    },
    {
      "fk_i_page_id": 8,
      "s_internal_name": "alert_email_instant",
      "s_title": "{WEB_TITLE} - รายการใหม่",
      "s_description": "<p>สวัสดี {USER_NAME},<\/p><p>รายการใหม่ได้ถูกเผยแพร่, ตรวจสอบได้ที่นี่ !<\/p><p>{ADS}<\/p><p>-------------<\/p><p>เพื่อยกเลิกการแจ้งเตือนนี้ , คลิ๊กที่: {UNSUB_LINK}<\/p><p>{WEB_LINK}<\/p>"
    },
    {
      "fk_i_page_id": 9,
      "s_internal_name": "email_new_comment_admin",
      "s_title": "{WEB_TITLE} - การแสดงความคิดเห็นใหม่",
      "s_description": "<p>มีคนแสดงความคิดเห็นเกี่ยวกับ <a href=\"{ITEM_URL}\">{ITEM_TITLE}<\/a>รายชื่อ ผู้แสดงความคิดเห็น<\/p><p>: อีเมลของผู้แสดงความคิดเห็น {COMMENT_AUTHOR}<br \/>: {COMMENT_EMAIL}<br \/>หัวข้อ: {COMMENT_TITLE}<br \/>ความคิดเห็น: {COMMENT_TEXT}<\/p>"
    },
    {
      "fk_i_page_id": 10,
      "s_internal_name": "email_new_item_non_register_user",
      "s_title": "{WEB_TITLE} - แก้ไขตัวเลือกสำหรับรายการ {ITEM_TITLE}",
      "s_description": "<p>Hi {USER_NAME}<\/p><p>คุณไม่ได้ลงทะเบียนที่ {WEB_LINK}แต่คุณยังสามารถแก้ไขหรือลบ <a href=\"{ITEM_URL}\">{ITEM_TITLE}<\/a> รายการได้เป็นระยะเวลาสั้น ๆ<\/p><p>คุณสามารถแก้ไขรายการของคุณได้โดยทําตามลิงค์นี้: {EDIT_LINK}<\/p><p>คุณสามารถลบรายการของคุณได้โดยทําตามลิงค์นี้: {DELETE_LINK}<\/p><p>ถ้าคุณลงทะเบียนเป็นผู้ใช้คุณจะสามารถเข้าถึงตัวเลือกการแก้ไขได้อย่างเต็มที่<\/p><p>ขอแสดงความนับถือ<\/p><p>{WEB_LINK}<\/p>"
    },
    {
      "fk_i_page_id": 11,
      "s_internal_name": "email_item_validation",
      "s_title": "{WEB_TITLE} - ตรวจสอบรายการของคุณ",
      "s_description": "<p>Hi {USER_NAME}<\/p><p>คุณได้รับอีเมลนี้ เนื่องจากได้รับการประกาศรายชื่อที่ {WEB_LINK}โปรดตรวจสอบความถูกต้องของรายการนี้โดยคลิกที่การเชื่อมโยงต่อไปนี้: {VALIDATION_LINK}ถ้าคุณไม่ได้เผยแพร่รายการนี้ โปรดละเว้นอีเมลนี้ รายละเอียด<\/p><p>รายชื่อ: ชื่อผู้ติดต่อ<\/p><p>: {USER_NAME}<br \/>อีเมลที่ติดต่อ: url {USER_EMAIL}<\/p><p>{ITEM_DESCRIPTION}<\/p><p>: {ITEM_URL}<\/p><p>ขอแสดงความนับถือ,<\/p><p>{WEB_LINK}<\/p>"
    },
    {
      "fk_i_page_id": 12,
      "s_internal_name": "email_admin_new_item",
      "s_title": "{WEB_TITLE} - รายการใหม่ได้ถูกเผยแพร่",
      "s_description": "<p>เรียนผู้ดูแลระบบ {WEB_TITLE}<\/p><p>คุณได้รับอีเมลนี้เนื่องจากมีการเผยแพร่ข้อมูล {WEB_LINK}รายละเอียดรายชื่อ<\/p><p>: ชื่อผู้ติดต่อ<\/p><p>: {USER_NAME}<br \/>ติดต่ออีเมล: url {USER_EMAIL}<\/p><p>{ITEM_DESCRIPTION}<\/p><p>: {ITEM_URL}<\/p><p>คุณสามารถแก้ไขรายการนี้ได้โดยคลิกที่ลิงค์ต่อไปนี้: {EDIT_LINK}<\/p><p>ขอแสดงความนับถือ<\/p><p>{WEB_LINK}<\/p>"
    },
    {
      "fk_i_page_id": 13,
      "s_internal_name": "email_user_forgot_password",
      "s_title": "{WEB_TITLE} - กู้คืนรหัสผ่าน",
      "s_description": "<p>สวัสดี {USER_NAME}<\/p><p>เราได้ส่งอีเมลนี้ให้คุณเนื่องจากคุณได้ขอการแจ้งเตือนรหัสผ่าน ตามลิงค์นี้เพื่อกู้คืน: {PASSWORD_LINK}<\/p><p>ลิงก์จะถูกปิดใช้งานใน 24 ชั่วโมง<\/p><p>ถ้าคุณไม่ได้ร้องขอตัวเตือนรหัสผ่าน การร้องขอนี้ทําจาก {IP_ADDRESS} IP ใน {DATE_TIME}<\/p><p>เกี่ยวกับ<\/p><p>{WEB_LINK}<\/p>"
    },
    {
      "fk_i_page_id": 14,
      "s_internal_name": "email_new_email",
      "s_title": "{WEB_TITLE} -คุณร้องขอการเปลี่ยนแปลงอีเมลล์",
      "s_description": "<p>Hi {USER_NAME}<\/p><p>คุณได้รับอีเมลนี้เนื่องจากคุณร้องขอการเปลี่ยนแปลงอีเมล โปรดยืนยันที่อยู่อีเมลใหม่นี้โดยคลิกที่ลิงค์การตรวจสอบความถูกต้องต่อไปนี้: {VALIDATION_LINK}<\/p><p>Regards,<\/p><p>{WEB_LINK}<\/p>"
    },
    {
      "fk_i_page_id": 15,
      "s_internal_name": "email_alert_validation",
      "s_title": "{WEB_TITLE} - กรุณายืนยันในการรับการแจ้งเตือน",
      "s_description": "<p>สวัสดี {USER_NAME},<\/p><p>กรุณาทำการยืนยันการสมัครโดยคลิกค์ที่ลิงค์นี้: {VALIDATION_LINK}<\/p><p>ขอบคุณ!<\/p><p>ด้วยความนับถือ,<\/p><p>{WEB_LINK}<\/p>"
    },
    {
      "fk_i_page_id": 16,
      "s_internal_name": "email_comment_validated",
      "s_title": "{WEB_TITLE} - ความคิดเห็นของคุณได้รับการตรวจสอบแล้ว",
      "s_description": "<p>สวัสดี {COMMENT_AUTHOR},<\/p><p>ความคิดเห็นของคุณที่ <a href=\"{ITEM_URL}\">{ITEM_TITLE}<\/a> ได้รับการอนุมัติแล้ว.<\/p><p>ด้วยความนับถือ,<\/p><p>{WEB_LINK}<\/p>"
    },
    {
      "fk_i_page_id": 17,
      "s_internal_name": "email_item_validation_non_register_user",
      "s_title": "{WEB_TITLE} - ตรวจสอบรายการของคุณ",
      "s_description": "<p>สวัสดี {USER_NAME}<\/p><p>คุณได้รับอีเมลนี้เนื่องจากคุณได้เผยแพร่รายการที่ {WEB_LINK}โปรดตรวจสอบความถูกต้องของรายการนี้โดยคลิกที่การเชื่อมโยงต่อไปนี้: {VALIDATION_LINK}ถ้าคุณไม่ได้ประกาศรายการนี้ โปรดละเว้นอีเมลนี้ รายละเอียด<\/p><p>รายชื่อ: ชื่อผู้ติดต่อ<\/p><p>: {USER_NAME}<br \/>อีเมลติดต่อ: url {USER_EMAIL}<\/p><p>{ITEM_DESCRIPTION}<\/p><p>: {ITEM_URL}<\/p><p>แม้ว่าคุณจะไม่ได้ลงทะเบียนที่ {WEB_LINK},  คุณยังคงสามารถแก้ไขหรือลบรายการของคุณได้:<\/p><p>คุณสามารถแก้ไขรายการของคุณได้โดยทําตามการเชื่อมโยงนี้: {EDIT_LINK}<\/p><p>คุณสามารถลบรายการของคุณได้โดยทําตามการเชื่อมโยงนี้: {DELETE_LINK}<\/p><p>Regards,<\/p><p>{WEB_LINK}<\/p>"
    },
    {
      "fk_i_page_id": 18,
      "s_internal_name": "email_admin_new_user",
      "s_title": "{WEB_TITLE} - มีผู้ใช้งานใหม่ได้ทำการสมัครสมาชิก",
      "s_description": "<p>เรียนผู้ดูแลระบบ {WEB_TITLE}<\/p><p>คุณได้รับอีเมลนี้เนื่องจากมีการสร้างผู้ใช้ใหม่ที่ {WEB_LINK}รายละเอียดผู้ใช้<\/p><p>: ชื่อ<\/p><p>: {USER_NAME}<br \/>อีเมล์: {USER_EMAIL}<\/p><p>ขอแสดงความนับถือ,<\/p><p>{WEB_LINK}<\/p>"
    },
    {
      "fk_i_page_id": 19,
      "s_internal_name": "email_contact_user",
      "s_title": "{WEB_TITLE} - บางคนมีคำถามกับคุณ",
      "s_description": "<p>สวัสดี {CONTACT_NAME}!<\/p><p>{USER_NAME} ({USER_EMAIL}, {USER_PHONE}) ส่งข้อความให้คุณ:<\/p><p>{COMMENT}<\/p><p>ด้วยความนับถือ,<\/p><p>{WEB_LINK}<\/p>"
    },
    {
      "fk_i_page_id": 20,
      "s_internal_name": "email_new_comment_user",
      "s_title": "{WEB_TITLE} - มีบางคนได้แสดงความคิดเห็นในรายการของคุณ",
      "s_description": "<p>มีความคิดเห็นใหม่ในรายการ: <a href=\"{ITEM_URL}\">{ITEM_TITLE}<\/a>.<\/p><p>ผู้เขียน: {COMMENT_AUTHOR}<br \/>ผู้เขียน อีเมล์: {COMMENT_EMAIL}<br \/>หัวข้อ: {COMMENT_TITLE}<br \/>ความคิดเห็น: {COMMENT_TEXT}<\/p><p>{WEB_LINK}<\/p>"
    },
    {
      "fk_i_page_id": 21,
      "s_internal_name": "email_new_admin",
      "s_title": "{WEB_TITLE} - สร้างบัญชีแอดมินสำเร็จแล้ว !",
      "s_description": "<p>สวัสดี {ADMIN_NAME},<\/p><p>แอดมินของ {WEB_LINK} ได้สร้างผู้ใช้แอดมินให้คุณ,<\/p><ul><li>ชื่อผู้ใช้: {USERNAME}<\/li><li>รหัสผ่าน: {PASSWORD}<\/li><\/ul><p>คุณสารถเข้าสู่หน้าแอดมินเพื่อจัดการระบได้ที่นี่ {WEB_ADMIN_LINK}.<\/p><p>ขอบคุณ !<\/p><p>ด้วยความนับถือ,<\/p>"
    },
    {
      "fk_i_page_id": 22,
      "s_internal_name": "email_warn_expiration",
      "s_title": "{WEB_TITLE} - โฆษณาของคุณกำลังจะหมดอายุ",
      "s_description": "<p>สวัสดี {USER_NAME},<\/p><p>รายการของคุณ <a href=\"{ITEM_URL}\">{ITEM_TITLE}<\/a> กำลังจะหมดอายุ {WEB_LINK}."
    }
  ]
}