{
  "language": "hu_HU",
  "template": [
    {
      "fk_i_page_id": 1,
      "s_internal_name": "email_item_inquiry",
      "s_title": "{WEB_TITLE} - Üzenete érkezett egy hirdetésével kapcsolatban",
      "s_description": "<p>Tisztelt {CONTACT_NAME}!<\/p><p>{USER_NAME} ({USER_EMAIL}, {USER_PHONE}) üzenetet hagyott Önnek a következő hirdetésével kapcsolatban <a href=\"{ITEM_URL}\">{ITEM_TITLE}<\/a>:<\/p><p>{COMMENT}<\/p><p>Üdvözlettel,<\/p><p>{WEB_LINK}<\/p>"
    },
    {
      "fk_i_page_id": 2,
      "s_internal_name": "email_user_validation",
      "s_title": "Kérjük erősítse meg {WEB_TITLE} fiókját",
      "s_description": "<p>Tisztelt {USER_NAME},<\/p><p>Kérjük erősítse meg regisztrációját a következő linkre kattintva: {VALIDATION_LINK}<\/p><p>Köszönjük!<\/p><p>Üdvözlettel,<\/p><p>{WEB_LINK}<\/p>"
    },
    {
      "fk_i_page_id": 3,
      "s_internal_name": "email_user_registration",
      "s_title": "{WEB_TITLE} - Sikeres regisztráció!",
      "s_description": "<p>Sziasztok {USER_NAME},<\/p><p>Sikeresen regisztrált a {WEB_LINK}.<\/p><p>Köszönöm!<\/p><p>Üdvözlettel,<\/p><p>{WEB_LINK}<\/p>"
    },
    {
      "fk_i_page_id": 4,
      "s_internal_name": "email_send_friend",
      "s_title": "Nézd mit találtam a {WEB_TITLE} honlapon",
      "s_description": "<p>Tisztelt {FRIEND_NAME},<\/p><p>{USER_NAME} szeretné megosztani veled ezt a hirdetést <a href=\"{ITEM_URL}\">{ITEM_TITLE}<\/a>.<\/p><p>Üzenet:<\/p><p>{COMMENT}<\/p><p>Üdvözlettel,<\/p><p>{WEB_TITLE}<\/p>"
    },
    {
      "fk_i_page_id": 5,
      "s_internal_name": "alert_email_hourly",
      "s_title": "{WEB_TITLE} - Hirdetésfigyelő (Új hirdetések) in the last hour",
      "s_description": "<p>Tisztelt {USER_NAME},<\/p><p>Új hirdetéseket adtak fel az elmúlt egy órában. Tekintse meg őket:<\/p><p>{ADS}<\/p><p>-------------<\/p><p>Kattintson a linkre, ha le szeretne iratkozni a hirdetésfigyelőről: {UNSUB_LINK}<\/p><p>{WEB_LINK}<\/p>"
    },
    {
      "fk_i_page_id": 6,
      "s_internal_name": "alert_email_daily",
      "s_title": "{WEB_TITLE} - Hirdetésfigyelő (Új hirdetések) in the last day",
      "s_description": "<p>Tisztelt {USER_NAME},<\/p><p>Új hirdetéseket adtak fel tegnap. Tekintse meg őket:<\/p><p>{ADS}<\/p><p>-------------<\/p><p>Kattintson a linkre, ha le szeretne iratkozni a hirdetésfigyelőről: {UNSUB_LINK}<\/p><p>{WEB_LINK}<\/p>"
    },
    {
      "fk_i_page_id": 7,
      "s_internal_name": "alert_email_weekly",
      "s_title": "{WEB_TITLE} - Hirdetésfigyelő (Új hirdetések) in the last week",
      "s_description": "<p>Tisztelt {USER_NAME},<\/p><p>Új hirdetéseket adtak fel a múlt héten. Tekintse meg őket:<\/p><p>{ADS}<\/p><p>-------------<\/p><p>Kattintson a linkre, ha le szeretne iratkozni a hirdetésfigyelőről: {UNSUB_LINK}<\/p><p>{WEB_LINK}<\/p>"
    },
    {
      "fk_i_page_id": 8,
      "s_internal_name": "alert_email_instant",
      "s_title": "{WEB_TITLE} - Hirdetésfigyelő (Új hirdetések)",
      "s_description": "<p>Tisztelt {USER_NAME},<\/p><p>Új hirdetést adtak fel, tekintse meg!<\/p><p>{ADS}<\/p><p>-------------<\/p><p>Kattintson a linkre, ha le szeretne iratkozni a hirdetésfigyelőről: {UNSUB_LINK}<\/p><p>{WEB_LINK}<\/p>"
    },
    {
      "fk_i_page_id": 9,
      "s_internal_name": "email_new_comment_admin",
      "s_title": "{WEB_TITLE} - Új hozzászólás",
      "s_description": "<p>Valaki kommentálta a tőzsdei <a href=\"{ITEM_URL}\">{ITEM_TITLE}<\/a>.<\/p><p>Hozzászóló: {COMMENT_AUTHOR}<br \/>A hozzászóló e-mail címe: {COMMENT_EMAIL}<br \/>Cím: {COMMENT_TITLE}<br \/>Hozzászólás: {COMMENT_TEXT}<\/p>"
    },
    {
      "fk_i_page_id": 10,
      "s_internal_name": "email_new_item_non_register_user",
      "s_title": "{WEB_TITLE} - Hirdetés szerkesztése {ITEM_TITLE}",
      "s_description": "<p>Sziasztok {USER_NAME},<\/p><p>Nem regisztrált a {WEB_LINK}, de a lista <a href=\"{ITEM_URL}\">{ITEM_TITLE}<\/a> rövid ideig szerkesztheti vagy törölheti.<\/p><p>A listát az alábbi linken szerkesztheti: {EDIT_LINK}<\/p><p>A hirdetését az alábbi linken törölheti: {DELETE_LINK}<\/p><p>Ha felhasználóként regisztrál, teljes hozzáférése lesz a szerkesztési lehetőségekhez.<\/p><p>Üdvözlettel,<\/p><p>{WEB_LINK}<\/p>"
    },
    {
      "fk_i_page_id": 11,
      "s_internal_name": "email_item_validation",
      "s_title": "{WEB_TITLE} - Hirdetés megerősítése",
      "s_description": "<p>Sziasztok {USER_NAME},<\/p><p>Ezt az e-mailt azért kapod, mert a {WEB_LINK}közzétettek egy listát. Kérjük, érvényesítse ezt a listát az alábbi linkre kattintva: {VALIDATION_LINK}. Ha nem tette közzé ezt a listát, kérjük, hagyja figyelmen kívül ezt az e-mailt.<\/p><p>Adatlap adatai:<\/p><p>Kapcsolattartó neve: {USER_NAME}<br \/>Kapcsolattartó e-mail címe: {USER_EMAIL}<\/p><p>{ITEM_DESCRIPTION}<\/p><p>Url: {ITEM_URL}<\/p><p>Üdvözlettel,<\/p><p>{WEB_LINK}<\/p>"
    },
    {
      "fk_i_page_id": 12,
      "s_internal_name": "email_admin_new_item",
      "s_title": "{WEB_TITLE} - Új hirdetés feladása",
      "s_description": "<p>Kedves {WEB_TITLE} admin,<\/p><p>Ezt az e-mailt azért kapja, mert a listát közzétették a {WEB_LINK}.<\/p><p>Lista adatai:<\/p><p>Kapcsolattartó neve: {USER_NAME}<br \/>Kapcsolattartó e-mail címe: {USER_EMAIL}<\/p><p>{ITEM_DESCRIPTION}<\/p><p>Url: {ITEM_URL}<\/p><p>A lista az alábbi linkre kattintva szerkeszthető: {EDIT_LINK}<\/p><p>Üdvözlettel,<\/p><p>{WEB_LINK}<\/p>"
    },
    {
      "fk_i_page_id": 13,
      "s_internal_name": "email_user_forgot_password",
      "s_title": "{WEB_TITLE} - Jelszó emlékeztető",
      "s_description": "<p>Sziasztok {USER_NAME},<\/p><p>Azért küldtük ezt az e-mailt, mert jelszó emlékeztetőt kért. A helyreállításhoz kövesse ezt a linket: {PASSWORD_LINK}<\/p><p>A hivatkozás 24 órán belül deaktiválva lesz.<\/p><p>Ha nem kért jelszó emlékeztetőt, kérjük, hagyja figyelmen kívül ezt az üzenetet. Ezt a kérést az IP- {IP_ADDRESS} nyújtották be {DATE_TIME}<\/p><p>Üdvözlettel,<\/p><p>{WEB_LINK}<\/p>"
    },
    {
      "fk_i_page_id": 14,
      "s_internal_name": "email_new_email",
      "s_title": "{WEB_TITLE} - Email cím változást jelentett be",
      "s_description": "<p>Szia {USER_NAME}<\/p><p>Azért kapja ezt az e-mailt, mert e-mail módosítást kért. Kérjük, erősítse meg ezt az új e-mail címet az alábbi érvényesítési linkre kattintva: {VALIDATION_LINK}<\/p><p>Üdvözlettel,<\/p><p>{WEB_LINK}<\/p>"
    },
    {
      "fk_i_page_id": 15,
      "s_internal_name": "email_alert_validation",
      "s_title": "{WEB_TITLE} - Kérjük erősítse meg hirdetésfigyelőjét",
      "s_description": "<p>Tisztelt {USER_NAME},<\/p><p>Kérjük erősítse meg hirdetésfigyelőjét a következő linkre kattintva: {VALIDATION_LINK}<\/p><p>Köszönjük!<\/p><p>Üdvözlettel,<\/p><p>{WEB_LINK}<\/p>"
    },
    {
      "fk_i_page_id": 16,
      "s_internal_name": "email_comment_validated",
      "s_title": "{WEB_TITLE} - Hozzászólás engedélyezve lett",
      "s_description": "<p>Tisztelt {COMMENT_AUTHOR},<\/p><p>A hozzászólását: <a href=\"{ITEM_URL}\">{ITEM_TITLE}<\/a> jóváhagyták.<\/p><p>Üdvözlettel,<\/p><p>{WEB_LINK}<\/p>"
    },
    {
      "fk_i_page_id": 17,
      "s_internal_name": "email_item_validation_non_register_user",
      "s_title": "{WEB_TITLE} - Hirdetés megerősítése",
      "s_description": "<p>Sziasztok {USER_NAME},<\/p><p>Ezt az e-mailt azért kapjátok, mert a {WEB_LINK}közzétettek egy listát. Kérjük, érvényesítse ezt a listát az alábbi linkre kattintva: {VALIDATION_LINK}. Ha nem tette közzé ezt a listát, kérjük, hagyja figyelmen kívül ezt az e-mailt.<\/p><p>Adatlap adatai:<\/p><p>Kapcsolattartó neve: {USER_NAME}<br \/>Kapcsolattartó e-mail címe: {USER_EMAIL}<\/p><p>{ITEM_DESCRIPTION}<\/p><p>Url: {ITEM_URL}<\/p><p>Még akkor is, ha nem regisztrált a {WEB_LINK},  továbbra is szerkesztheti vagy törölheti a hirdetését:<\/p><p>A listát az alábbi linken szerkesztheti: {EDIT_LINK}<\/p><p>Törölheti a hirdetését az alábbi linken: {DELETE_LINK}<\/p><p>Üdvözlettel,<\/p><p>{WEB_LINK}<\/p>"
    },
    {
      "fk_i_page_id": 18,
      "s_internal_name": "email_admin_new_user",
      "s_title": "{WEB_TITLE} - Új felhasználó regisztrált",
      "s_description": "<p>Kedves {WEB_TITLE} admin,<\/p><p>Ezt az e-mailt azért kapja, mert új felhasználó jött létre {WEB_LINK}.<\/p><p>Felhasználói adatok:<\/p><p>Név: {USER_NAME}<br \/>E-mail: {USER_EMAIL}<\/p><p>Üdvözlettel,<\/p><p>{WEB_LINK}<\/p>"
    },
    {
      "fk_i_page_id": 19,
      "s_internal_name": "email_contact_user",
      "s_title": "{WEB_TITLE} - Kérdés érkezett",
      "s_description": "<p>Tisztelt {CONTACT_NAME}!<\/p><p>{USER_NAME} ({USER_EMAIL}, {USER_PHONE}) üzenetet hagyott Önnek:<\/p><p>{COMMENT}<\/p><p>Üdvözlettel,<\/p><p>{WEB_LINK}<\/p>"
    },
    {
      "fk_i_page_id": 20,
      "s_internal_name": "email_new_comment_user",
      "s_title": "{WEB_TITLE} - Hozzászóltak a hirdetéséhez",
      "s_description": "<p>Van egy új megjegyzés a lista: <a href=\"{ITEM_URL}\">{ITEM_TITLE}<\/a>.<\/p><p>Szerző: {COMMENT_AUTHOR}<br \/>A szerző e-mail címe: {COMMENT_EMAIL}<br \/>Cím: {COMMENT_TITLE}<br \/>Hozzászólás: {COMMENT_TEXT}<\/p><p>{WEB_LINK}<\/p>"
    },
    {
      "fk_i_page_id": 21,
      "s_internal_name": "email_new_admin",
      "s_title": "{WEB_TITLE} - Adminisztrátor fiók sikeresen létrehozva!",
      "s_description": "<p>Szia {ADMIN_NAME},<\/p><p>A(z) {WEB_LINK} adminisztrátora létrehozott egy fiókot számodra,<\/p><ul><li>Felhasználónév: {USERNAME}<\/li><li>Jelszó: {PASSWORD}<\/li><\/ul><p>Az adminisztrátor felülethez a következő linken keresztül férhetsz hozzá {WEB_ADMIN_LINK}.<\/p><p>Köszönöm!<\/p><p>Üdvözlettel,<\/p>"
    },
    {
      "fk_i_page_id": 22,
      "s_internal_name": "email_warn_expiration",
      "s_title": "{WEB_TITLE} - A hirdetésen hamarosan lejár",
      "s_description": "<p>Szia {USER_NAME},<\/p><p>A hirdetésed <a href=\"{ITEM_URL}\">{ITEM_TITLE}<\/a> érvényessége hamarosan lejár  {WEB_LINK}."
    }
  ]
}